;id_orden;tipo_venta;REGION DE VENTA;porcentaje_pago
0;1001;presencial;Este;8.0
1;1002;online;Norte;12.0
2;1003;online;Este;10.0
3;1004;presencial;Este;8.0
4;1005;presencial;Oeste;7.000000000000001
5;1006;venta telefónica;Norte;5.0
6;1007;venta directa;Norte;15.0
7;1008;venta directa;Este;13.0
8;1009;presencial;Este;8.0
9;1010;venta telefónica;Sur;6.0
10;1011;online;Oeste;9.0
11;1012;venta telefónica;Oeste;8.0
12;1013;venta directa;Oeste;12.0
13;1014;venta directa;Norte;15.0
14;1015;online;Sur;11.0
15;1016;presencial;Sur;9.0
16;1017;online;Norte;12.0
17;1018;venta telefónica;Este;7.000000000000001
18;1019;venta directa;Este;13.0
19;1020;online;Norte;12.0
20;1021;presencial;Este;8.0
21;1022;venta telefónica;Oeste;8.0
22;1023;presencial;Oeste;7.000000000000001
23;1024;venta directa;Este;13.0
24;1025;venta directa;Oeste;12.0
25;1026;venta directa;Oeste;12.0
26;1027;presencial;Sur;9.0
27;1028;presencial;Oeste;7.000000000000001
28;1029;presencial;Norte;10.0
29;1030;presencial;Sur;9.0
30;1031;online;Oeste;9.0
31;1032;online;Oeste;9.0
32;1033;venta telefónica;Norte;5.0
33;1034;online;Este;10.0
34;1035;presencial;Oeste;7.000000000000001
35;1036;presencial;Sur;9.0
36;1037;venta directa;Norte;15.0
37;1038;presencial;Norte;10.0
38;1039;venta directa;Oeste;12.0
39;1040;presencial;Este;8.0
40;1041;venta directa;Este;13.0
41;1042;online;Oeste;9.0
42;1043;online;Norte;12.0
43;1044;online;Este;10.0
44;1045;presencial;Oeste;7.000000000000001
45;1046;online;Sur;11.0
46;1047;presencial;Sur;9.0
47;1048;venta telefónica;Sur;6.0
48;1049;venta telefónica;Oeste;8.0
49;1050;venta telefónica;Este;7.000000000000001
50;1051;presencial;Norte;10.0
51;1052;presencial;Este;8.0
52;1053;presencial;Sur;9.0
53;1054;presencial;Este;8.0
54;1055;presencial;Este;8.0
55;1056;venta telefónica;Oeste;8.0
56;1057;venta directa;Sur;14.000000000000002
57;1058;venta directa;Oeste;12.0
58;1059;venta telefónica;Norte;5.0
59;1060;venta telefónica;Sur;6.0
60;1061;venta telefónica;Sur;6.0
61;1062;venta telefónica;Norte;5.0
62;1063;presencial;Este;8.0
63;1064;presencial;Oeste;7.000000000000001
64;1065;venta directa;Norte;15.0
65;1066;venta telefónica;Oeste;8.0
66;1067;venta telefónica;Este;7.000000000000001
67;1068;venta directa;Sur;14.000000000000002
68;1069;venta directa;Este;13.0
69;1070;venta directa;Oeste;12.0
70;1071;venta directa;Sur;14.000000000000002
71;1072;presencial;Norte;10.0
72;1073;online;Oeste;9.0
73;1074;online;Norte;12.0
74;1075;online;Sur;11.0
75;1076;venta directa;Norte;15.0
76;1077;venta directa;Oeste;12.0
77;1078;presencial;Este;8.0
78;1079;venta directa;Este;13.0
79;1080;venta telefónica;Este;7.000000000000001
80;1081;venta directa;Oeste;12.0
81;1082;venta directa;Norte;15.0
82;1083;online;Oeste;9.0
83;1084;venta telefónica;Norte;5.0
84;1085;presencial;Oeste;7.000000000000001
85;1086;presencial;Este;8.0
86;1087;presencial;Oeste;7.000000000000001
87;1088;online;Oeste;9.0
88;1089;venta directa;Sur;14.000000000000002
89;1090;venta telefónica;Norte;5.0
90;1091;online;Sur;11.0
91;1092;presencial;Oeste;7.000000000000001
92;1093;venta telefónica;Sur;6.0
93;1094;venta telefónica;Este;7.000000000000001
94;1095;venta directa;Norte;15.0
95;1096;presencial;Oeste;7.000000000000001
96;1097;venta directa;Sur;14.000000000000002
97;1098;venta directa;Norte;15.0
98;1099;venta directa;Este;13.0
99;1100;venta telefónica;Norte;5.0
100;1101;presencial;Este;8.0
101;1102;venta directa;Sur;14.000000000000002
102;1103;venta directa;Oeste;12.0
103;1104;venta telefónica;Norte;5.0
104;1105;venta telefónica;Este;7.000000000000001
105;1106;presencial;Este;8.0
106;1107;venta telefónica;Norte;5.0
107;1108;venta telefónica;Oeste;8.0
108;1109;presencial;Sur;9.0
109;1110;presencial;Oeste;7.000000000000001
110;1111;presencial;Oeste;7.000000000000001
111;1112;presencial;Este;8.0
112;1113;presencial;Este;8.0
113;1114;online;Este;10.0
114;1115;venta directa;Sur;14.000000000000002
115;1116;venta telefónica;Oeste;8.0
116;1117;venta directa;Este;13.0
117;1118;presencial;Este;8.0
118;1119;presencial;Norte;10.0
119;1120;venta directa;Oeste;12.0
120;1121;presencial;Este;8.0
121;1122;online;Este;10.0
122;1123;presencial;Sur;9.0
123;1124;online;Oeste;9.0
124;1125;venta directa;Sur;14.000000000000002
125;1126;online;Sur;11.0
126;1127;presencial;Oeste;7.000000000000001
127;1128;venta telefónica;Oeste;8.0
128;1129;online;Sur;11.0
129;1130;presencial;Oeste;7.000000000000001
130;1131;venta telefónica;Oeste;8.0
131;1132;venta telefónica;Este;7.000000000000001
132;1133;venta directa;Este;13.0
133;1134;online;Norte;12.0
134;1135;venta telefónica;Norte;5.0
135;1136;online;Norte;12.0
136;1137;online;Norte;12.0
137;1138;venta telefónica;Este;7.000000000000001
138;1139;venta directa;Norte;15.0
139;1140;online;Norte;12.0
140;1141;venta telefónica;Norte;5.0
141;1142;online;Norte;12.0
142;1143;online;Sur;11.0
143;1144;online;Este;10.0
144;1145;online;Norte;12.0
145;1146;venta telefónica;Oeste;8.0
146;1147;venta telefónica;Este;7.000000000000001
147;1148;venta telefónica;Oeste;8.0
148;1149;venta telefónica;Oeste;8.0
149;1150;presencial;Sur;9.0
150;1151;presencial;Norte;10.0
151;1152;presencial;Sur;9.0
152;1153;presencial;Norte;10.0
153;1154;venta telefónica;Oeste;8.0
154;1155;venta telefónica;Este;7.000000000000001
155;1156;online;Este;10.0
156;1157;venta telefónica;Sur;6.0
157;1158;venta directa;Sur;14.000000000000002
158;1159;venta telefónica;Sur;6.0
159;1160;presencial;Sur;9.0
160;1161;online;Oeste;9.0
161;1162;presencial;Norte;10.0
162;1163;venta directa;Este;13.0
163;1164;venta telefónica;Sur;6.0
164;1165;venta directa;Oeste;12.0
165;1166;presencial;Este;8.0
166;1167;presencial;Sur;9.0
167;1168;presencial;Sur;9.0
168;1169;venta directa;Sur;14.000000000000002
169;1170;online;Oeste;9.0
170;1171;venta telefónica;Norte;5.0
171;1172;venta telefónica;Oeste;8.0
172;1173;online;Oeste;9.0
173;1174;venta telefónica;Norte;5.0
174;1175;venta telefónica;Norte;5.0
175;1176;presencial;Sur;9.0
176;1177;venta telefónica;Norte;5.0
177;1178;online;Oeste;9.0
178;1179;venta telefónica;Norte;5.0
179;1180;venta telefónica;Sur;6.0
180;1181;online;Norte;12.0
181;1182;online;Oeste;9.0
182;1183;presencial;Sur;9.0
183;1184;venta directa;Este;13.0
184;1185;presencial;Este;8.0
185;1186;venta directa;Este;13.0
186;1187;online;Este;10.0
187;1188;online;Este;10.0
188;1189;venta directa;Oeste;12.0
189;1190;venta directa;Norte;15.0
190;1191;venta directa;Sur;14.000000000000002
191;1192;venta directa;Oeste;12.0
192;1193;venta telefónica;Este;7.000000000000001
193;1194;venta directa;Sur;14.000000000000002
194;1195;venta directa;Oeste;12.0
195;1196;venta telefónica;Sur;6.0
196;1197;venta telefónica;Oeste;8.0
197;1198;venta directa;Oeste;12.0
198;1199;venta telefónica;Sur;6.0
199;1200;online;Este;10.0
200;1201;venta directa;Oeste;12.0
201;1202;venta telefónica;Este;7.000000000000001
202;1203;venta directa;Oeste;12.0
203;1204;online;Norte;12.0
204;1205;venta telefónica;Norte;5.0
205;1206;venta telefónica;Este;7.000000000000001
206;1207;venta telefónica;Norte;5.0
207;1208;presencial;Norte;10.0
208;1209;venta telefónica;Norte;5.0
209;1210;venta telefónica;Este;7.000000000000001
210;1211;presencial;Norte;10.0
211;1212;presencial;Norte;10.0
212;1213;venta telefónica;Norte;5.0
213;1214;online;Oeste;9.0
214;1215;venta telefónica;Sur;6.0
215;1216;online;Sur;11.0
216;1217;online;Norte;12.0
217;1218;venta directa;Norte;15.0
218;1219;online;Este;10.0
219;1220;online;Norte;12.0
220;1221;presencial;Oeste;7.000000000000001
221;1222;venta directa;Norte;15.0
222;1223;venta telefónica;Este;7.000000000000001
223;1224;venta directa;Oeste;12.0
224;1225;online;Sur;11.0
225;1226;online;Norte;12.0
226;1227;venta directa;Oeste;12.0
227;1228;venta telefónica;Este;7.000000000000001
228;1229;presencial;Norte;10.0
229;1230;venta directa;Sur;14.000000000000002
230;1231;venta telefónica;Oeste;8.0
231;1232;venta telefónica;Oeste;8.0
232;1233;venta telefónica;Sur;6.0
233;1234;online;Oeste;9.0
234;1235;online;Norte;12.0
235;1236;online;Norte;12.0
236;1237;presencial;Norte;10.0
237;1238;online;Norte;12.0
238;1239;venta telefónica;Este;7.000000000000001
239;1240;venta directa;Norte;15.0
240;1241;venta telefónica;Este;7.000000000000001
241;1242;venta telefónica;Sur;6.0
242;1243;presencial;Este;8.0
243;1244;online;Este;10.0
244;1245;venta directa;Este;13.0
245;1246;venta directa;Norte;15.0
246;1247;online;Oeste;9.0
247;1248;presencial;Sur;9.0
248;1249;venta directa;Oeste;12.0
249;1250;venta telefónica;Este;7.000000000000001
250;1251;venta telefónica;Oeste;8.0
251;1252;venta telefónica;Oeste;8.0
252;1253;online;Norte;12.0
253;1254;venta directa;Norte;15.0
254;1255;online;Sur;11.0
255;1256;venta telefónica;Sur;6.0
256;1257;online;Oeste;9.0
257;1258;presencial;Norte;10.0
258;1259;venta telefónica;Este;7.000000000000001
259;1260;venta directa;Oeste;12.0
260;1261;presencial;Sur;9.0
261;1262;venta telefónica;Sur;6.0
262;1263;presencial;Este;8.0
263;1264;venta directa;Sur;14.000000000000002
264;1265;online;Norte;12.0
265;1266;online;Oeste;9.0
266;1267;venta directa;Oeste;12.0
267;1268;venta telefónica;Oeste;8.0
268;1269;presencial;Oeste;7.000000000000001
269;1270;online;Norte;12.0
270;1271;presencial;Sur;9.0
271;1272;presencial;Este;8.0
272;1273;presencial;Este;8.0
273;1274;venta directa;Este;13.0
274;1275;online;Norte;12.0
275;1276;venta directa;Oeste;12.0
276;1277;venta directa;Oeste;12.0
277;1278;venta directa;Norte;15.0
278;1279;venta telefónica;Este;7.000000000000001
279;1280;presencial;Sur;9.0
280;1281;venta directa;Este;13.0
281;1282;online;Oeste;9.0
282;1283;presencial;Norte;10.0
283;1284;venta telefónica;Este;7.000000000000001
284;1285;venta directa;Oeste;12.0
285;1286;venta telefónica;Oeste;8.0
286;1287;presencial;Sur;9.0
287;1288;venta telefónica;Sur;6.0
288;1289;online;Oeste;9.0
289;1290;venta telefónica;Norte;5.0
290;1291;venta telefónica;Sur;6.0
291;1292;venta telefónica;Norte;5.0
292;1293;venta telefónica;Oeste;8.0
293;1294;venta directa;Norte;15.0
294;1295;venta directa;Sur;14.000000000000002
295;1296;presencial;Oeste;7.000000000000001
296;1297;venta telefónica;Este;7.000000000000001
297;1298;presencial;Norte;10.0
298;1299;presencial;Oeste;7.000000000000001
299;1300;online;Este;10.0
300;1301;venta directa;Sur;14.000000000000002
301;1302;venta telefónica;Norte;5.0
302;1303;venta directa;Norte;15.0
303;1304;online;Norte;12.0
304;1305;venta directa;Este;13.0
305;1306;presencial;Oeste;7.000000000000001
306;1307;venta directa;Oeste;12.0
307;1308;online;Oeste;9.0
308;1309;presencial;Norte;10.0
309;1310;venta telefónica;Oeste;8.0
310;1311;presencial;Sur;9.0
311;1312;presencial;Norte;10.0
312;1313;venta directa;Sur;14.000000000000002
313;1314;venta directa;Norte;15.0
314;1315;venta telefónica;Sur;6.0
315;1316;venta telefónica;Este;7.000000000000001
316;1317;venta telefónica;Sur;6.0
317;1318;venta telefónica;Sur;6.0
318;1319;venta telefónica;Sur;6.0
319;1320;venta telefónica;Este;7.000000000000001
320;1321;venta directa;Sur;14.000000000000002
321;1322;online;Este;10.0
322;1323;presencial;Sur;9.0
323;1324;online;Este;10.0
324;1325;presencial;Norte;10.0
325;1326;venta telefónica;Sur;6.0
326;1327;presencial;Norte;10.0
327;1328;venta telefónica;Oeste;8.0
328;1329;presencial;Sur;9.0
329;1330;presencial;Norte;10.0
330;1331;venta telefónica;Oeste;8.0
331;1332;venta telefónica;Sur;6.0
332;1333;venta directa;Oeste;12.0
333;1334;presencial;Oeste;7.000000000000001
334;1335;venta telefónica;Oeste;8.0
335;1336;venta telefónica;Este;7.000000000000001
336;1337;presencial;Norte;10.0
337;1338;venta telefónica;Sur;6.0
338;1339;venta directa;Sur;14.000000000000002
339;1340;online;Norte;12.0
340;1341;venta telefónica;Oeste;8.0
341;1342;venta directa;Este;13.0
342;1343;presencial;Norte;10.0
343;1344;venta telefónica;Norte;5.0
344;1345;online;Norte;12.0
345;1346;presencial;Este;8.0
346;1347;venta directa;Norte;15.0
347;1348;venta directa;Este;13.0
348;1349;venta telefónica;Oeste;8.0
349;1350;presencial;Oeste;7.000000000000001
350;1351;venta telefónica;Norte;5.0
351;1352;presencial;Este;8.0
352;1353;online;Oeste;9.0
353;1354;presencial;Este;8.0
354;1355;venta telefónica;Este;7.000000000000001
355;1356;online;Este;10.0
356;1357;online;Norte;12.0
357;1358;online;Oeste;9.0
358;1359;presencial;Sur;9.0
359;1360;venta telefónica;Oeste;8.0
360;1361;presencial;Este;8.0
361;1362;venta telefónica;Sur;6.0
362;1363;venta directa;Este;13.0
363;1364;presencial;Sur;9.0
364;1365;presencial;Este;8.0
365;1366;presencial;Este;8.0
366;1367;online;Oeste;9.0
367;1368;venta directa;Norte;15.0
368;1369;venta telefónica;Sur;6.0
369;1370;venta directa;Norte;15.0
370;1371;presencial;Norte;10.0
371;1372;venta telefónica;Oeste;8.0
372;1373;venta telefónica;Norte;5.0
373;1374;venta telefónica;Oeste;8.0
374;1375;venta telefónica;Oeste;8.0
375;1376;presencial;Este;8.0
376;1377;presencial;Oeste;7.000000000000001
377;1378;venta directa;Este;13.0
378;1379;presencial;Sur;9.0
379;1380;presencial;Sur;9.0
380;1381;venta directa;Sur;14.000000000000002
381;1382;venta directa;Sur;14.000000000000002
382;1383;online;Este;10.0
383;1384;presencial;Norte;10.0
384;1385;online;Oeste;9.0
385;1386;venta telefónica;Norte;5.0
386;1387;presencial;Sur;9.0
387;1388;venta telefónica;Sur;6.0
388;1389;venta directa;Sur;14.000000000000002
389;1390;venta directa;Sur;14.000000000000002
390;1391;online;Oeste;9.0
391;1392;venta telefónica;Oeste;8.0
392;1393;venta directa;Sur;14.000000000000002
393;1394;venta telefónica;Oeste;8.0
394;1395;presencial;Norte;10.0
395;1396;venta telefónica;Este;7.000000000000001
396;1397;presencial;Este;8.0
397;1398;presencial;Norte;10.0
398;1399;online;Oeste;9.0
399;1400;venta telefónica;Oeste;8.0
400;1401;presencial;Oeste;7.000000000000001
401;1402;venta telefónica;Norte;5.0
402;1403;presencial;Norte;10.0
403;1404;venta telefónica;Sur;6.0
404;1405;presencial;Norte;10.0
405;1406;online;Este;10.0
406;1407;online;Este;10.0
407;1408;venta telefónica;Norte;5.0
408;1409;presencial;Este;8.0
409;1410;presencial;Sur;9.0
410;1411;online;Este;10.0
411;1412;venta telefónica;Sur;6.0
412;1413;presencial;Oeste;7.000000000000001
413;1414;venta telefónica;Sur;6.0
414;1415;online;Sur;11.0
415;1416;venta directa;Norte;15.0
416;1417;venta telefónica;Sur;6.0
417;1418;online;Sur;11.0
418;1419;presencial;Sur;9.0
419;1420;presencial;Oeste;7.000000000000001
420;1421;venta telefónica;Oeste;8.0
421;1422;venta directa;Norte;15.0
422;1423;online;Norte;12.0
423;1424;venta directa;Norte;15.0
424;1425;presencial;Norte;10.0
425;1426;online;Norte;12.0
426;1427;venta directa;Norte;15.0
427;1428;venta directa;Oeste;12.0
428;1429;presencial;Este;8.0
429;1430;venta telefónica;Este;7.000000000000001
430;1431;venta telefónica;Este;7.000000000000001
431;1432;venta directa;Este;13.0
432;1433;venta directa;Norte;15.0
433;1434;presencial;Sur;9.0
434;1435;presencial;Este;8.0
435;1436;presencial;Oeste;7.000000000000001
436;1437;presencial;Norte;10.0
437;1438;venta directa;Oeste;12.0
438;1439;venta telefónica;Norte;5.0
439;1440;venta directa;Sur;14.000000000000002
440;1441;online;Sur;11.0
441;1442;venta telefónica;Este;7.000000000000001
442;1443;venta telefónica;Este;7.000000000000001
443;1444;presencial;Este;8.0
444;1445;presencial;Norte;10.0
445;1446;venta telefónica;Norte;5.0
446;1447;venta directa;Oeste;12.0
447;1448;online;Norte;12.0
448;1449;venta directa;Norte;15.0
449;1450;venta telefónica;Oeste;8.0
450;1451;presencial;Sur;9.0
451;1452;online;Oeste;9.0
452;1453;presencial;Oeste;7.000000000000001
453;1454;presencial;Norte;10.0
454;1455;venta telefónica;Este;7.000000000000001
455;1456;online;Sur;11.0
456;1457;online;Norte;12.0
457;1458;online;Este;10.0
458;1459;venta directa;Oeste;12.0
459;1460;venta telefónica;Este;7.000000000000001
460;1461;venta telefónica;Este;7.000000000000001
461;1462;venta directa;Oeste;12.0
462;1463;online;Norte;12.0
463;1464;venta telefónica;Oeste;8.0
464;1465;venta telefónica;Sur;6.0
465;1466;venta telefónica;Sur;6.0
466;1467;presencial;Este;8.0
467;1468;online;Norte;12.0
468;1469;venta telefónica;Oeste;8.0
469;1470;venta directa;Oeste;12.0
470;1471;online;Norte;12.0
471;1472;online;Norte;12.0
472;1473;online;Este;10.0
473;1474;online;Sur;11.0
474;1475;venta telefónica;Sur;6.0
475;1476;venta directa;Este;13.0
476;1477;venta telefónica;Oeste;8.0
477;1478;venta telefónica;Oeste;8.0
478;1479;online;Norte;12.0
479;1480;presencial;Oeste;7.000000000000001
480;1481;venta telefónica;Este;7.000000000000001
481;1482;online;Norte;12.0
482;1483;venta telefónica;Sur;6.0
483;1484;venta telefónica;Oeste;8.0
484;1485;online;Oeste;9.0
485;1486;venta telefónica;Este;7.000000000000001
486;1487;presencial;Oeste;7.000000000000001
487;1488;online;Este;10.0
488;1489;presencial;Sur;9.0
489;1490;online;Este;10.0
490;1491;venta directa;Este;13.0
491;1492;online;Sur;11.0
492;1493;venta telefónica;Oeste;8.0
493;1494;online;Norte;12.0
494;1495;online;Este;10.0
495;1496;online;Sur;11.0
496;1497;online;Sur;11.0
497;1498;presencial;Sur;9.0
498;1499;venta telefónica;Norte;5.0
499;1500;presencial;Sur;9.0
500;1501;venta telefónica;Oeste;8.0
501;1502;venta telefónica;Este;7.000000000000001
502;1503;venta directa;Norte;15.0
503;1504;presencial;Sur;9.0
504;1505;venta directa;Oeste;12.0
505;1506;venta directa;Este;13.0
506;1507;presencial;Oeste;7.000000000000001
507;1508;venta telefónica;Norte;5.0
508;1509;online;Sur;11.0
509;1510;venta telefónica;Sur;6.0
510;1511;online;Este;10.0
511;1512;venta directa;Sur;14.000000000000002
512;1513;venta directa;Este;13.0
513;1514;presencial;Oeste;7.000000000000001
514;1515;venta telefónica;Norte;5.0
515;1516;venta telefónica;Sur;6.0
516;1517;presencial;Este;8.0
517;1518;venta telefónica;Norte;5.0
518;1519;venta telefónica;Este;7.000000000000001
519;1520;venta telefónica;Norte;5.0
520;1521;venta telefónica;Oeste;8.0
521;1522;venta telefónica;Este;7.000000000000001
522;1523;presencial;Norte;10.0
523;1524;online;Sur;11.0
524;1525;venta directa;Oeste;12.0
525;1526;presencial;Este;8.0
526;1527;online;Oeste;9.0
527;1528;venta directa;Sur;14.000000000000002
528;1529;venta telefónica;Oeste;8.0
529;1530;online;Oeste;9.0
530;1531;venta telefónica;Sur;6.0
531;1532;presencial;Este;8.0
532;1533;venta telefónica;Sur;6.0
533;1534;venta directa;Norte;15.0
534;1535;venta telefónica;Oeste;8.0
535;1536;presencial;Norte;10.0
536;1537;venta telefónica;Este;7.000000000000001
537;1538;presencial;Este;8.0
538;1539;presencial;Norte;10.0
539;1540;online;Sur;11.0
540;1541;venta telefónica;Norte;5.0
541;1542;presencial;Oeste;7.000000000000001
542;1543;venta directa;Oeste;12.0
543;1544;venta directa;Este;13.0
544;1545;venta directa;Oeste;12.0
545;1546;presencial;Sur;9.0
546;1547;venta directa;Este;13.0
547;1548;venta directa;Sur;14.000000000000002
548;1549;venta directa;Norte;15.0
549;1550;venta telefónica;Este;7.000000000000001
550;1551;venta telefónica;Este;7.000000000000001
551;1552;venta telefónica;Norte;5.0
552;1553;venta telefónica;Norte;5.0
553;1554;venta directa;Oeste;12.0
554;1555;online;Sur;11.0
555;1556;venta directa;Sur;14.000000000000002
556;1557;venta telefónica;Oeste;8.0
557;1558;venta directa;Norte;15.0
558;1559;venta telefónica;Este;7.000000000000001
559;1560;venta telefónica;Norte;5.0
560;1561;venta directa;Oeste;12.0
561;1562;venta telefónica;Norte;5.0
562;1563;presencial;Sur;9.0
563;1564;presencial;Sur;9.0
564;1565;venta telefónica;Este;7.000000000000001
565;1566;online;Sur;11.0
566;1567;presencial;Oeste;7.000000000000001
567;1568;venta telefónica;Sur;6.0
568;1569;venta telefónica;Este;7.000000000000001
569;1570;venta telefónica;Oeste;8.0
570;1571;venta directa;Este;13.0
571;1572;online;Norte;12.0
572;1573;venta telefónica;Norte;5.0
573;1574;presencial;Oeste;7.000000000000001
574;1575;venta telefónica;Norte;5.0
575;1576;venta telefónica;Norte;5.0
576;1577;venta telefónica;Norte;5.0
577;1578;venta telefónica;Norte;5.0
578;1579;online;Este;10.0
579;1580;presencial;Norte;10.0
580;1581;venta directa;Oeste;12.0
581;1582;presencial;Sur;9.0
582;1583;venta telefónica;Oeste;8.0
583;1584;venta telefónica;Sur;6.0
584;1585;venta telefónica;Oeste;8.0
585;1586;online;Oeste;9.0
586;1587;presencial;Norte;10.0
587;1588;presencial;Sur;9.0
588;1589;online;Sur;11.0
589;1590;venta telefónica;Sur;6.0
590;1591;presencial;Oeste;7.000000000000001
591;1592;venta directa;Oeste;12.0
592;1593;online;Este;10.0
593;1594;online;Oeste;9.0
594;1595;venta directa;Sur;14.000000000000002
595;1596;venta telefónica;Norte;5.0
596;1597;venta directa;Norte;15.0
597;1598;venta directa;Sur;14.000000000000002
598;1599;venta directa;Sur;14.000000000000002
599;1600;presencial;Este;8.0
600;1601;venta telefónica;Sur;6.0
601;1602;online;Norte;12.0
602;1603;presencial;Este;8.0
603;1604;online;Sur;11.0
604;1605;online;Oeste;9.0
605;1606;online;Oeste;9.0
606;1607;venta telefónica;Oeste;8.0
607;1608;online;Este;10.0
608;1609;presencial;Sur;9.0
609;1610;venta telefónica;Este;7.000000000000001
610;1611;venta directa;Este;13.0
611;1612;venta telefónica;Sur;6.0
612;1613;venta telefónica;Sur;6.0
613;1614;venta directa;Oeste;12.0
614;1615;venta telefónica;Oeste;8.0
615;1616;online;Norte;12.0
616;1617;venta directa;Norte;15.0
617;1618;venta directa;Este;13.0
618;1619;venta telefónica;Este;7.000000000000001
619;1620;venta directa;Oeste;12.0
620;1621;online;Norte;12.0
621;1622;venta directa;Norte;15.0
622;1623;venta directa;Oeste;12.0
623;1624;venta directa;Oeste;12.0
624;1625;online;Sur;11.0
625;1626;presencial;Este;8.0
626;1627;presencial;Este;8.0
627;1628;presencial;Norte;10.0
628;1629;venta directa;Este;13.0
629;1630;venta telefónica;Oeste;8.0
630;1631;online;Oeste;9.0
631;1632;venta directa;Oeste;12.0
632;1633;venta telefónica;Norte;5.0
633;1634;venta telefónica;Sur;6.0
634;1635;presencial;Norte;10.0
635;1636;online;Oeste;9.0
636;1637;online;Oeste;9.0
637;1638;venta telefónica;Oeste;8.0
638;1639;online;Sur;11.0
639;1640;venta telefónica;Sur;6.0
640;1641;venta telefónica;Sur;6.0
641;1642;venta directa;Norte;15.0
642;1643;online;Norte;12.0
643;1644;presencial;Este;8.0
644;1645;online;Sur;11.0
645;1646;venta telefónica;Norte;5.0
646;1647;presencial;Norte;10.0
647;1648;online;Este;10.0
648;1649;venta telefónica;Norte;5.0
649;1650;venta directa;Norte;15.0
650;1651;venta directa;Este;13.0
651;1652;online;Norte;12.0
652;1653;venta telefónica;Norte;5.0
653;1654;venta telefónica;Este;7.000000000000001
654;1655;venta directa;Norte;15.0
655;1656;presencial;Oeste;7.000000000000001
656;1657;online;Sur;11.0
657;1658;online;Sur;11.0
658;1659;presencial;Oeste;7.000000000000001
659;1660;online;Norte;12.0
660;1661;presencial;Sur;9.0
661;1662;venta directa;Norte;15.0
662;1663;venta telefónica;Sur;6.0
663;1664;online;Sur;11.0
664;1665;venta directa;Oeste;12.0
665;1666;online;Oeste;9.0
666;1667;presencial;Este;8.0
667;1668;presencial;Norte;10.0
668;1669;venta directa;Oeste;12.0
669;1670;venta telefónica;Oeste;8.0
670;1671;online;Oeste;9.0
671;1672;online;Sur;11.0
672;1673;online;Este;10.0
673;1674;venta telefónica;Sur;6.0
674;1675;online;Este;10.0
675;1676;venta telefónica;Norte;5.0
676;1677;presencial;Sur;9.0
677;1678;venta directa;Sur;14.000000000000002
678;1679;online;Este;10.0
679;1680;venta telefónica;Este;7.000000000000001
680;1681;venta directa;Sur;14.000000000000002
681;1682;presencial;Sur;9.0
682;1683;presencial;Norte;10.0
683;1684;presencial;Norte;10.0
684;1685;venta telefónica;Oeste;8.0
685;1686;venta telefónica;Sur;6.0
686;1687;venta telefónica;Norte;5.0
687;1688;venta telefónica;Sur;6.0
688;1689;online;Este;10.0
689;1690;online;Oeste;9.0
690;1691;online;Norte;12.0
691;1692;online;Oeste;9.0
692;1693;presencial;Este;8.0
693;1694;venta telefónica;Oeste;8.0
694;1695;venta telefónica;Este;7.000000000000001
695;1696;presencial;Oeste;7.000000000000001
696;1697;online;Oeste;9.0
697;1698;venta telefónica;Oeste;8.0
698;1699;presencial;Oeste;7.000000000000001
699;1700;presencial;Este;8.0
700;1701;venta directa;Oeste;12.0
701;1702;online;Norte;12.0
702;1703;presencial;Oeste;7.000000000000001
703;1704;online;Oeste;9.0
704;1705;venta telefónica;Este;7.000000000000001
705;1706;online;Oeste;9.0
706;1707;venta telefónica;Este;7.000000000000001
707;1708;venta directa;Norte;15.0
708;1709;online;Este;10.0
709;1710;venta telefónica;Norte;5.0
710;1711;presencial;Este;8.0
711;1712;presencial;Este;8.0
712;1713;venta directa;Oeste;12.0
713;1714;online;Oeste;9.0
714;1715;venta telefónica;Oeste;8.0
715;1716;venta telefónica;Oeste;8.0
716;1717;online;Norte;12.0
717;1718;venta directa;Oeste;12.0
718;1719;venta telefónica;Oeste;8.0
719;1720;presencial;Norte;10.0
720;1721;presencial;Este;8.0
721;1722;venta directa;Sur;14.000000000000002
722;1723;online;Este;10.0
723;1724;venta directa;Sur;14.000000000000002
724;1725;venta directa;Norte;15.0
725;1726;online;Sur;11.0
726;1727;presencial;Sur;9.0
727;1728;online;Sur;11.0
728;1729;presencial;Sur;9.0
729;1730;venta directa;Sur;14.000000000000002
730;1731;presencial;Este;8.0
731;1732;venta directa;Norte;15.0
732;1733;venta telefónica;Este;7.000000000000001
733;1734;online;Oeste;9.0
734;1735;venta telefónica;Este;7.000000000000001
735;1736;venta directa;Este;13.0
736;1737;online;Oeste;9.0
737;1738;online;Este;10.0
738;1739;venta telefónica;Sur;6.0
739;1740;presencial;Este;8.0
740;1741;online;Sur;11.0
741;1742;venta directa;Este;13.0
742;1743;venta telefónica;Sur;6.0
743;1744;venta telefónica;Sur;6.0
744;1745;venta telefónica;Norte;5.0
745;1746;presencial;Norte;10.0
746;1747;presencial;Oeste;7.000000000000001
747;1748;venta directa;Oeste;12.0
748;1749;presencial;Sur;9.0
749;1750;venta telefónica;Norte;5.0
750;1751;venta telefónica;Este;7.000000000000001
751;1752;venta telefónica;Oeste;8.0
752;1753;online;Norte;12.0
753;1754;venta telefónica;Sur;6.0
754;1755;online;Oeste;9.0
755;1756;venta directa;Oeste;12.0
756;1757;online;Oeste;9.0
757;1758;venta directa;Oeste;12.0
758;1759;presencial;Este;8.0
759;1760;online;Sur;11.0
760;1761;venta telefónica;Sur;6.0
761;1762;online;Oeste;9.0
762;1763;venta directa;Este;13.0
763;1764;venta directa;Norte;15.0
764;1765;presencial;Sur;9.0
765;1766;venta telefónica;Norte;5.0
766;1767;online;Sur;11.0
767;1768;venta telefónica;Sur;6.0
768;1769;venta directa;Oeste;12.0
769;1770;online;Oeste;9.0
770;1771;online;Norte;12.0
771;1772;venta telefónica;Este;7.000000000000001
772;1773;presencial;Norte;10.0
773;1774;online;Oeste;9.0
774;1775;venta directa;Sur;14.000000000000002
775;1776;venta directa;Norte;15.0
776;1777;venta directa;Norte;15.0
777;1778;venta directa;Este;13.0
778;1779;online;Oeste;9.0
779;1780;presencial;Este;8.0
780;1781;venta telefónica;Norte;5.0
781;1782;online;Oeste;9.0
782;1783;presencial;Este;8.0
783;1784;online;Este;10.0
784;1785;presencial;Este;8.0
785;1786;venta directa;Este;13.0
786;1787;venta directa;Sur;14.000000000000002
787;1788;presencial;Norte;10.0
788;1789;online;Sur;11.0
789;1790;presencial;Oeste;7.000000000000001
790;1791;online;Este;10.0
791;1792;online;Este;10.0
792;1793;venta directa;Oeste;12.0
793;1794;presencial;Oeste;7.000000000000001
794;1795;online;Oeste;9.0
795;1796;presencial;Este;8.0
796;1797;presencial;Este;8.0
797;1798;venta directa;Oeste;12.0
798;1799;online;Oeste;9.0
799;1800;presencial;Norte;10.0
800;1801;venta directa;Sur;14.000000000000002
801;1802;venta telefónica;Este;7.000000000000001
802;1803;online;Oeste;9.0
803;1804;venta telefónica;Sur;6.0
804;1805;venta telefónica;Sur;6.0
805;1806;venta directa;Norte;15.0
806;1807;online;Norte;12.0
807;1808;online;Oeste;9.0
808;1809;presencial;Norte;10.0
809;1810;online;Este;10.0
810;1811;venta directa;Sur;14.000000000000002
811;1812;venta telefónica;Oeste;8.0
812;1813;presencial;Norte;10.0
813;1814;online;Sur;11.0
814;1815;online;Norte;12.0
815;1816;venta directa;Este;13.0
816;1817;online;Oeste;9.0
817;1818;online;Norte;12.0
818;1819;venta directa;Oeste;12.0
819;1820;venta telefónica;Norte;5.0
820;1821;venta telefónica;Este;7.000000000000001
821;1822;venta telefónica;Oeste;8.0
822;1823;presencial;Sur;9.0
823;1824;venta telefónica;Sur;6.0
824;1825;venta telefónica;Sur;6.0
825;1826;online;Sur;11.0
826;1827;online;Oeste;9.0
827;1828;venta directa;Norte;15.0
828;1829;online;Sur;11.0
829;1830;venta telefónica;Oeste;8.0
830;1831;online;Este;10.0
831;1832;presencial;Sur;9.0
832;1833;online;Este;10.0
833;1834;venta telefónica;Sur;6.0
834;1835;venta directa;Norte;15.0
835;1836;venta telefónica;Este;7.000000000000001
836;1837;presencial;Este;8.0
837;1838;presencial;Sur;9.0
838;1839;presencial;Oeste;7.000000000000001
839;1840;presencial;Este;8.0
840;1841;online;Sur;11.0
841;1842;venta directa;Sur;14.000000000000002
842;1843;venta telefónica;Sur;6.0
843;1844;venta directa;Oeste;12.0
844;1845;presencial;Sur;9.0
845;1846;presencial;Norte;10.0
846;1847;online;Norte;12.0
847;1848;venta directa;Sur;14.000000000000002
848;1849;presencial;Norte;10.0
849;1850;online;Norte;12.0
850;1851;online;Norte;12.0
851;1852;presencial;Norte;10.0
852;1853;venta telefónica;Este;7.000000000000001
853;1854;venta directa;Sur;14.000000000000002
854;1855;venta telefónica;Norte;5.0
855;1856;online;Norte;12.0
856;1857;online;Sur;11.0
857;1858;presencial;Sur;9.0
858;1859;online;Norte;12.0
859;1860;presencial;Este;8.0
860;1861;venta telefónica;Norte;5.0
861;1862;presencial;Oeste;7.000000000000001
862;1863;presencial;Norte;10.0
863;1864;venta telefónica;Oeste;8.0
864;1865;presencial;Oeste;7.000000000000001
865;1866;online;Oeste;9.0
866;1867;presencial;Oeste;7.000000000000001
867;1868;venta telefónica;Sur;6.0
868;1869;venta telefónica;Oeste;8.0
869;1870;online;Sur;11.0
870;1871;online;Norte;12.0
871;1872;venta telefónica;Norte;5.0
872;1873;venta telefónica;Sur;6.0
873;1874;venta telefónica;Este;7.000000000000001
874;1875;presencial;Norte;10.0
875;1876;venta telefónica;Norte;5.0
876;1877;presencial;Norte;10.0
877;1878;venta directa;Sur;14.000000000000002
878;1879;online;Oeste;9.0
879;1880;online;Este;10.0
880;1881;online;Oeste;9.0
881;1882;venta directa;Oeste;12.0
882;1883;presencial;Este;8.0
883;1884;presencial;Este;8.0
884;1885;presencial;Oeste;7.000000000000001
885;1886;online;Sur;11.0
886;1887;venta telefónica;Oeste;8.0
887;1888;venta telefónica;Oeste;8.0
888;1889;online;Norte;12.0
889;1890;venta telefónica;Sur;6.0
890;1891;presencial;Sur;9.0
891;1892;presencial;Oeste;7.000000000000001
892;1893;venta directa;Este;13.0
893;1894;online;Este;10.0
894;1895;online;Este;10.0
895;1896;venta telefónica;Oeste;8.0
896;1897;venta telefónica;Este;7.000000000000001
897;1898;venta directa;Oeste;12.0
898;1899;venta telefónica;Sur;6.0
899;1900;online;Este;10.0
900;1901;venta directa;Este;13.0
901;1902;venta telefónica;Este;7.000000000000001
902;1903;online;Este;10.0
903;1904;presencial;Oeste;7.000000000000001
904;1905;presencial;Este;8.0
905;1906;presencial;Oeste;7.000000000000001
906;1907;venta directa;Sur;14.000000000000002
907;1908;venta telefónica;Oeste;8.0
908;1909;presencial;Norte;10.0
909;1910;presencial;Norte;10.0
910;1911;presencial;Oeste;7.000000000000001
911;1912;venta telefónica;Norte;5.0
912;1913;online;Este;10.0
913;1914;venta telefónica;Este;7.000000000000001
914;1915;online;Este;10.0
915;1916;venta telefónica;Este;7.000000000000001
916;1917;venta telefónica;Este;7.000000000000001
917;1918;presencial;Norte;10.0
918;1919;presencial;Este;8.0
919;1920;presencial;Oeste;7.000000000000001
920;1921;online;Sur;11.0
921;1922;online;Norte;12.0
922;1923;venta telefónica;Sur;6.0
923;1924;venta directa;Norte;15.0
924;1925;presencial;Este;8.0
925;1926;online;Este;10.0
926;1927;presencial;Sur;9.0
927;1928;venta telefónica;Norte;5.0
928;1929;venta directa;Este;13.0
929;1930;venta directa;Sur;14.000000000000002
930;1931;venta directa;Norte;15.0
931;1932;presencial;Norte;10.0
932;1933;venta directa;Sur;14.000000000000002
933;1934;venta directa;Sur;14.000000000000002
934;1935;venta directa;Sur;14.000000000000002
935;1936;online;Norte;12.0
936;1937;venta directa;Oeste;12.0
937;1938;venta telefónica;Este;7.000000000000001
938;1939;venta telefónica;Oeste;8.0
939;1940;presencial;Norte;10.0
940;1941;venta directa;Oeste;12.0
941;1942;online;Norte;12.0
942;1943;presencial;Oeste;7.000000000000001
943;1944;presencial;Norte;10.0
944;1945;venta telefónica;Oeste;8.0
945;1946;presencial;Este;8.0
946;1947;online;Norte;12.0
947;1948;venta telefónica;Sur;6.0
948;1949;online;Norte;12.0
949;1950;online;Oeste;9.0
950;1951;venta telefónica;Oeste;8.0
951;1952;venta telefónica;Norte;5.0
952;1953;venta directa;Este;13.0
953;1954;venta telefónica;Sur;6.0
954;1955;venta directa;Sur;14.000000000000002
955;1956;venta directa;Oeste;12.0
956;1957;venta telefónica;Oeste;8.0
957;1958;venta directa;Sur;14.000000000000002
958;1959;venta telefónica;Oeste;8.0
959;1960;presencial;Oeste;7.000000000000001
960;1961;venta directa;Sur;14.000000000000002
961;1962;online;Norte;12.0
962;1963;presencial;Oeste;7.000000000000001
963;1964;presencial;Sur;9.0
964;1965;venta telefónica;Oeste;8.0
965;1966;presencial;Este;8.0
966;1967;venta directa;Norte;15.0
967;1968;venta directa;Norte;15.0
968;1969;presencial;Oeste;7.000000000000001
969;1970;online;Sur;11.0
970;1971;venta telefónica;Sur;6.0
971;1972;venta directa;Este;13.0
972;1973;venta telefónica;Sur;6.0
973;1974;online;Norte;12.0
974;1975;online;Este;10.0
975;1976;online;Oeste;9.0
976;1977;venta telefónica;Este;7.000000000000001
977;1978;venta directa;Sur;14.000000000000002
978;1979;venta directa;Este;13.0
979;1980;venta directa;Norte;15.0
980;1981;presencial;Este;8.0
981;1982;presencial;Norte;10.0
982;1983;online;Oeste;9.0
983;1984;venta telefónica;Oeste;8.0
984;1985;venta telefónica;Oeste;8.0
985;1986;online;Oeste;9.0
986;1987;online;Norte;12.0
987;1988;venta directa;Oeste;12.0
988;1989;presencial;Oeste;7.000000000000001
989;1990;presencial;Oeste;7.000000000000001
990;1991;venta directa;Este;13.0
991;1992;venta directa;Oeste;12.0
992;1993;venta directa;Oeste;12.0
993;1994;presencial;Sur;9.0
994;1995;presencial;Oeste;7.000000000000001
995;1996;venta directa;Sur;14.000000000000002
996;1997;presencial;Este;8.0
997;1998;presencial;Oeste;7.000000000000001
998;1999;online;Oeste;9.0
999;2000;presencial;Este;8.0
1000;2001;venta telefónica;Este;7.000000000000001
1001;2002;venta directa;Sur;14.000000000000002
1002;2003;venta telefónica;Norte;5.0
1003;2004;online;Este;10.0
1004;2005;venta telefónica;Sur;6.0
1005;2006;online;Este;10.0
1006;2007;venta directa;Oeste;12.0
1007;2008;venta directa;Oeste;12.0
1008;2009;online;Norte;12.0
1009;2010;venta telefónica;Norte;5.0
1010;2011;venta directa;Este;13.0
1011;2012;venta telefónica;Oeste;8.0
1012;2013;venta directa;Sur;14.000000000000002
1013;2014;online;Norte;12.0
1014;2015;venta directa;Este;13.0
1015;2016;online;Oeste;9.0
1016;2017;venta directa;Oeste;12.0
1017;2018;online;Este;10.0
1018;2019;venta directa;Norte;15.0
1019;2020;venta telefónica;Norte;5.0
1020;2021;presencial;Oeste;7.000000000000001
1021;2022;online;Sur;11.0
1022;2023;online;Oeste;9.0
1023;2024;venta directa;Sur;14.000000000000002
1024;2025;online;Sur;11.0
1025;2026;venta telefónica;Sur;6.0
1026;2027;venta directa;Este;13.0
1027;2028;presencial;Este;8.0
1028;2029;online;Este;10.0
1029;2030;venta telefónica;Sur;6.0
1030;2031;online;Oeste;9.0
1031;2032;venta directa;Norte;15.0
1032;2033;presencial;Sur;9.0
1033;2034;online;Este;10.0
1034;2035;venta telefónica;Norte;5.0
1035;2036;venta directa;Norte;15.0
1036;2037;venta telefónica;Oeste;8.0
1037;2038;online;Norte;12.0
1038;2039;venta directa;Sur;14.000000000000002
1039;2040;online;Sur;11.0
1040;2041;online;Norte;12.0
1041;2042;venta directa;Oeste;12.0
1042;2043;presencial;Sur;9.0
1043;2044;venta telefónica;Sur;6.0
1044;2045;online;Este;10.0
1045;2046;presencial;Sur;9.0
1046;2047;venta directa;Oeste;12.0
1047;2048;presencial;Sur;9.0
1048;2049;online;Norte;12.0
1049;2050;venta telefónica;Este;7.000000000000001
1050;2051;presencial;Oeste;7.000000000000001
1051;2052;venta directa;Sur;14.000000000000002
1052;2053;online;Norte;12.0
1053;2054;presencial;Norte;10.0
1054;2055;presencial;Norte;10.0
1055;2056;venta telefónica;Oeste;8.0
1056;2057;presencial;Oeste;7.000000000000001
1057;2058;venta directa;Sur;14.000000000000002
1058;2059;presencial;Este;8.0
1059;2060;online;Norte;12.0
1060;2061;presencial;Sur;9.0
1061;2062;online;Norte;12.0
1062;2063;online;Sur;11.0
1063;2064;online;Oeste;9.0
1064;2065;online;Oeste;9.0
1065;2066;venta directa;Sur;14.000000000000002
1066;2067;presencial;Sur;9.0
1067;2068;presencial;Norte;10.0
1068;2069;presencial;Norte;10.0
1069;2070;venta directa;Oeste;12.0
1070;2071;venta telefónica;Oeste;8.0
1071;2072;venta telefónica;Este;7.000000000000001
1072;2073;venta directa;Sur;14.000000000000002
1073;2074;venta telefónica;Oeste;8.0
1074;2075;presencial;Sur;9.0
1075;2076;presencial;Oeste;7.000000000000001
1076;2077;online;Sur;11.0
1077;2078;online;Sur;11.0
1078;2079;presencial;Este;8.0
1079;2080;venta directa;Oeste;12.0
1080;2081;presencial;Este;8.0
1081;2082;venta directa;Sur;14.000000000000002
1082;2083;venta telefónica;Norte;5.0
1083;2084;presencial;Este;8.0
1084;2085;presencial;Norte;10.0
1085;2086;online;Sur;11.0
1086;2087;online;Oeste;9.0
1087;2088;venta telefónica;Este;7.000000000000001
1088;2089;venta directa;Este;13.0
1089;2090;venta directa;Norte;15.0
1090;2091;presencial;Este;8.0
1091;2092;venta telefónica;Sur;6.0
1092;2093;venta telefónica;Sur;6.0
1093;2094;presencial;Oeste;7.000000000000001
1094;2095;venta directa;Este;13.0
1095;2096;online;Sur;11.0
1096;2097;presencial;Este;8.0
1097;2098;online;Norte;12.0
1098;2099;venta directa;Este;13.0
1099;2100;online;Norte;12.0
1100;2101;venta directa;Oeste;12.0
1101;2102;venta telefónica;Oeste;8.0
1102;2103;venta telefónica;Este;7.000000000000001
1103;2104;presencial;Norte;10.0
1104;2105;presencial;Este;8.0
1105;2106;presencial;Sur;9.0
1106;2107;online;Norte;12.0
1107;2108;venta telefónica;Sur;6.0
1108;2109;venta directa;Este;13.0
1109;2110;venta telefónica;Sur;6.0
1110;2111;online;Este;10.0
1111;2112;venta directa;Sur;14.000000000000002
1112;2113;venta directa;Sur;14.000000000000002
1113;2114;presencial;Oeste;7.000000000000001
1114;2115;presencial;Este;8.0
1115;2116;presencial;Sur;9.0
1116;2117;online;Sur;11.0
1117;2118;venta directa;Oeste;12.0
1118;2119;venta directa;Norte;15.0
1119;2120;venta directa;Oeste;12.0
1120;2121;venta telefónica;Oeste;8.0
1121;2122;presencial;Sur;9.0
1122;2123;venta directa;Oeste;12.0
1123;2124;venta directa;Este;13.0
1124;2125;venta telefónica;Oeste;8.0
1125;2126;venta directa;Oeste;12.0
1126;2127;online;Norte;12.0
1127;2128;venta telefónica;Este;7.000000000000001
1128;2129;venta telefónica;Sur;6.0
1129;2130;presencial;Este;8.0
1130;2131;venta directa;Norte;15.0
1131;2132;venta directa;Oeste;12.0
1132;2133;venta telefónica;Norte;5.0
1133;2134;presencial;Este;8.0
1134;2135;venta telefónica;Norte;5.0
1135;2136;venta telefónica;Este;7.000000000000001
1136;2137;online;Oeste;9.0
1137;2138;presencial;Oeste;7.000000000000001
1138;2139;venta telefónica;Este;7.000000000000001
1139;2140;presencial;Sur;9.0
1140;2141;venta directa;Norte;15.0
1141;2142;venta telefónica;Este;7.000000000000001
1142;2143;venta telefónica;Norte;5.0
1143;2144;venta telefónica;Oeste;8.0
1144;2145;online;Oeste;9.0
1145;2146;venta directa;Sur;14.000000000000002
1146;2147;venta telefónica;Oeste;8.0
1147;2148;venta directa;Oeste;12.0
1148;2149;presencial;Este;8.0
1149;2150;venta telefónica;Oeste;8.0
1150;2151;presencial;Norte;10.0
1151;2152;venta directa;Sur;14.000000000000002
1152;2153;venta directa;Norte;15.0
1153;2154;presencial;Oeste;7.000000000000001
1154;2155;presencial;Norte;10.0
1155;2156;venta telefónica;Este;7.000000000000001
1156;2157;online;Este;10.0
1157;2158;online;Este;10.0
1158;2159;online;Sur;11.0
1159;2160;online;Norte;12.0
1160;2161;online;Este;10.0
1161;2162;presencial;Sur;9.0
1162;2163;online;Norte;12.0
1163;2164;presencial;Oeste;7.000000000000001
1164;2165;venta telefónica;Sur;6.0
1165;2166;online;Sur;11.0
1166;2167;venta telefónica;Oeste;8.0
1167;2168;venta telefónica;Sur;6.0
1168;2169;online;Oeste;9.0
1169;2170;venta telefónica;Este;7.000000000000001
1170;2171;venta directa;Sur;14.000000000000002
1171;2172;venta telefónica;Oeste;8.0
1172;2173;venta telefónica;Norte;5.0
1173;2174;presencial;Sur;9.0
1174;2175;presencial;Sur;9.0
1175;2176;venta telefónica;Norte;5.0
1176;2177;venta directa;Este;13.0
1177;2178;venta telefónica;Este;7.000000000000001
1178;2179;presencial;Oeste;7.000000000000001
1179;2180;online;Oeste;9.0
1180;2181;venta telefónica;Este;7.000000000000001
1181;2182;online;Sur;11.0
1182;2183;online;Este;10.0
1183;2184;venta directa;Sur;14.000000000000002
1184;2185;online;Oeste;9.0
1185;2186;venta telefónica;Oeste;8.0
1186;2187;online;Sur;11.0
1187;2188;venta telefónica;Norte;5.0
1188;2189;online;Oeste;9.0
1189;2190;presencial;Norte;10.0
1190;2191;presencial;Oeste;7.000000000000001
1191;2192;venta telefónica;Sur;6.0
1192;2193;venta telefónica;Este;7.000000000000001
1193;2194;online;Sur;11.0
1194;2195;presencial;Este;8.0
1195;2196;online;Norte;12.0
1196;2197;online;Oeste;9.0
1197;2198;online;Norte;12.0
1198;2199;presencial;Este;8.0
1199;2200;venta directa;Oeste;12.0
1200;2201;venta directa;Oeste;12.0
1201;2202;presencial;Este;8.0
1202;2203;venta telefónica;Este;7.000000000000001
1203;2204;venta directa;Norte;15.0
1204;2205;presencial;Norte;10.0
1205;2206;presencial;Norte;10.0
1206;2207;venta telefónica;Oeste;8.0
1207;2208;venta telefónica;Sur;6.0
1208;2209;venta directa;Sur;14.000000000000002
1209;2210;venta directa;Norte;15.0
1210;2211;venta telefónica;Oeste;8.0
1211;2212;venta directa;Sur;14.000000000000002
1212;2213;venta telefónica;Oeste;8.0
1213;2214;online;Sur;11.0
1214;2215;online;Sur;11.0
1215;2216;venta telefónica;Oeste;8.0
1216;2217;venta telefónica;Oeste;8.0
1217;2218;venta directa;Oeste;12.0
1218;2219;presencial;Sur;9.0
1219;2220;venta directa;Este;13.0
1220;2221;online;Oeste;9.0
1221;2222;online;Norte;12.0
1222;2223;presencial;Norte;10.0
1223;2224;venta directa;Oeste;12.0
1224;2225;presencial;Oeste;7.000000000000001
1225;2226;online;Norte;12.0
1226;2227;online;Este;10.0
1227;2228;venta directa;Sur;14.000000000000002
1228;2229;venta telefónica;Norte;5.0
1229;2230;online;Norte;12.0
1230;2231;venta telefónica;Norte;5.0
1231;2232;venta directa;Sur;14.000000000000002
1232;2233;presencial;Oeste;7.000000000000001
1233;2234;presencial;Oeste;7.000000000000001
1234;2235;venta telefónica;Oeste;8.0
1235;2236;presencial;Norte;10.0
1236;2237;online;Norte;12.0
1237;2238;online;Norte;12.0
1238;2239;presencial;Oeste;7.000000000000001
1239;2240;online;Norte;12.0
1240;2241;venta telefónica;Norte;5.0
1241;2242;presencial;Sur;9.0
1242;2243;presencial;Norte;10.0
1243;2244;venta telefónica;Norte;5.0
1244;2245;online;Sur;11.0
1245;2246;presencial;Norte;10.0
1246;2247;venta telefónica;Norte;5.0
1247;2248;venta telefónica;Este;7.000000000000001
1248;2249;presencial;Sur;9.0
1249;2250;venta directa;Este;13.0
1250;2251;venta telefónica;Norte;5.0
1251;2252;presencial;Este;8.0
1252;2253;venta directa;Norte;15.0
1253;2254;venta directa;Sur;14.000000000000002
1254;2255;presencial;Sur;9.0
1255;2256;venta telefónica;Norte;5.0
1256;2257;venta telefónica;Norte;5.0
1257;2258;online;Este;10.0
1258;2259;venta directa;Este;13.0
1259;2260;online;Sur;11.0
1260;2261;venta directa;Este;13.0
1261;2262;presencial;Oeste;7.000000000000001
1262;2263;venta telefónica;Norte;5.0
1263;2264;online;Sur;11.0
1264;2265;venta directa;Este;13.0
1265;2266;venta telefónica;Oeste;8.0
1266;2267;presencial;Sur;9.0
1267;2268;online;Sur;11.0
1268;2269;online;Este;10.0
1269;2270;presencial;Sur;9.0
1270;2271;venta directa;Sur;14.000000000000002
1271;2272;online;Sur;11.0
1272;2273;presencial;Oeste;7.000000000000001
1273;2274;online;Sur;11.0
1274;2275;venta directa;Oeste;12.0
1275;2276;presencial;Norte;10.0
1276;2277;presencial;Este;8.0
1277;2278;presencial;Oeste;7.000000000000001
1278;2279;venta telefónica;Oeste;8.0
1279;2280;presencial;Norte;10.0
1280;2281;venta telefónica;Norte;5.0
1281;2282;venta directa;Sur;14.000000000000002
1282;2283;venta directa;Norte;15.0
1283;2284;presencial;Oeste;7.000000000000001
1284;2285;presencial;Sur;9.0
1285;2286;online;Sur;11.0
1286;2287;online;Este;10.0
1287;2288;online;Sur;11.0
1288;2289;online;Oeste;9.0
1289;2290;venta telefónica;Norte;5.0
1290;2291;online;Norte;12.0
1291;2292;presencial;Oeste;7.000000000000001
1292;2293;presencial;Oeste;7.000000000000001
1293;2294;venta directa;Oeste;12.0
1294;2295;presencial;Norte;10.0
1295;2296;online;Este;10.0
1296;2297;online;Este;10.0
1297;2298;online;Este;10.0
1298;2299;online;Sur;11.0
1299;2300;presencial;Sur;9.0
1300;2301;presencial;Norte;10.0
1301;2302;venta telefónica;Sur;6.0
1302;2303;presencial;Sur;9.0
1303;2304;venta telefónica;Norte;5.0
1304;2305;venta directa;Oeste;12.0
1305;2306;presencial;Este;8.0
1306;2307;presencial;Norte;10.0
1307;2308;venta telefónica;Sur;6.0
1308;2309;venta telefónica;Norte;5.0
1309;2310;venta telefónica;Norte;5.0
1310;2311;venta telefónica;Norte;5.0
1311;2312;presencial;Este;8.0
1312;2313;presencial;Oeste;7.000000000000001
1313;2314;presencial;Oeste;7.000000000000001
1314;2315;venta telefónica;Norte;5.0
1315;2316;online;Norte;12.0
1316;2317;venta directa;Sur;14.000000000000002
1317;2318;venta telefónica;Este;7.000000000000001
1318;2319;venta directa;Norte;15.0
1319;2320;venta telefónica;Oeste;8.0
1320;2321;presencial;Este;8.0
1321;2322;venta directa;Sur;14.000000000000002
1322;2323;online;Sur;11.0
1323;2324;venta telefónica;Norte;5.0
1324;2325;online;Este;10.0
1325;2326;venta telefónica;Este;7.000000000000001
1326;2327;presencial;Sur;9.0
1327;2328;online;Este;10.0
1328;2329;presencial;Oeste;7.000000000000001
1329;2330;presencial;Oeste;7.000000000000001
1330;2331;venta telefónica;Oeste;8.0
1331;2332;venta directa;Sur;14.000000000000002
1332;2333;online;Sur;11.0
1333;2334;presencial;Este;8.0
1334;2335;venta telefónica;Oeste;8.0
1335;2336;venta telefónica;Norte;5.0
1336;2337;presencial;Oeste;7.000000000000001
1337;2338;venta directa;Este;13.0
1338;2339;presencial;Oeste;7.000000000000001
1339;2340;venta directa;Oeste;12.0
1340;2341;venta directa;Norte;15.0
1341;2342;venta telefónica;Sur;6.0
1342;2343;venta directa;Oeste;12.0
1343;2344;presencial;Sur;9.0
1344;2345;venta directa;Oeste;12.0
1345;2346;presencial;Sur;9.0
1346;2347;presencial;Norte;10.0
1347;2348;online;Este;10.0
1348;2349;venta telefónica;Este;7.000000000000001
1349;2350;venta directa;Norte;15.0
1350;2351;presencial;Este;8.0
1351;2352;presencial;Sur;9.0
1352;2353;venta directa;Este;13.0
1353;2354;venta telefónica;Este;7.000000000000001
1354;2355;venta telefónica;Este;7.000000000000001
1355;2356;venta telefónica;Este;7.000000000000001
1356;2357;online;Oeste;9.0
1357;2358;venta telefónica;Sur;6.0
1358;2359;venta directa;Norte;15.0
1359;2360;venta telefónica;Este;7.000000000000001
1360;2361;online;Este;10.0
1361;2362;online;Este;10.0
1362;2363;online;Sur;11.0
1363;2364;presencial;Este;8.0
1364;2365;venta directa;Oeste;12.0
1365;2366;online;Este;10.0
1366;2367;venta telefónica;Norte;5.0
1367;2368;venta telefónica;Norte;5.0
1368;2369;venta directa;Oeste;12.0
1369;2370;venta directa;Norte;15.0
1370;2371;venta directa;Oeste;12.0
1371;2372;venta directa;Oeste;12.0
1372;2373;venta telefónica;Norte;5.0
1373;2374;venta directa;Este;13.0
1374;2375;venta telefónica;Norte;5.0
1375;2376;online;Norte;12.0
1376;2377;venta telefónica;Este;7.000000000000001
1377;2378;venta telefónica;Sur;6.0
1378;2379;presencial;Norte;10.0
1379;2380;online;Sur;11.0
1380;2381;presencial;Norte;10.0
1381;2382;venta telefónica;Este;7.000000000000001
1382;2383;venta telefónica;Sur;6.0
1383;2384;venta directa;Este;13.0
1384;2385;venta directa;Oeste;12.0
1385;2386;presencial;Este;8.0
1386;2387;presencial;Este;8.0
1387;2388;venta directa;Oeste;12.0
1388;2389;venta directa;Sur;14.000000000000002
1389;2390;venta telefónica;Norte;5.0
1390;2391;presencial;Oeste;7.000000000000001
1391;2392;venta directa;Oeste;12.0
1392;2393;venta directa;Norte;15.0
1393;2394;presencial;Oeste;7.000000000000001
1394;2395;venta directa;Oeste;12.0
1395;2396;venta directa;Norte;15.0
1396;2397;venta directa;Oeste;12.0
1397;2398;venta telefónica;Norte;5.0
1398;2399;online;Norte;12.0
1399;2400;venta telefónica;Norte;5.0
1400;2401;online;Norte;12.0
1401;2402;presencial;Este;8.0
1402;2403;presencial;Oeste;7.000000000000001
1403;2404;presencial;Oeste;7.000000000000001
1404;2405;presencial;Sur;9.0
1405;2406;presencial;Oeste;7.000000000000001
1406;2407;venta directa;Norte;15.0
1407;2408;venta telefónica;Norte;5.0
1408;2409;venta telefónica;Norte;5.0
1409;2410;venta directa;Norte;15.0
1410;2411;online;Sur;11.0
1411;2412;venta telefónica;Sur;6.0
1412;2413;online;Norte;12.0
1413;2414;venta telefónica;Oeste;8.0
1414;2415;venta telefónica;Norte;5.0
1415;2416;venta telefónica;Este;7.000000000000001
1416;2417;presencial;Este;8.0
1417;2418;online;Oeste;9.0
1418;2419;presencial;Sur;9.0
1419;2420;presencial;Este;8.0
1420;2421;venta directa;Norte;15.0
1421;2422;presencial;Sur;9.0
1422;2423;venta directa;Oeste;12.0
1423;2424;presencial;Norte;10.0
1424;2425;venta directa;Oeste;12.0
1425;2426;presencial;Sur;9.0
1426;2427;presencial;Oeste;7.000000000000001
1427;2428;venta telefónica;Oeste;8.0
1428;2429;venta directa;Oeste;12.0
1429;2430;online;Este;10.0
1430;2431;presencial;Este;8.0
1431;2432;presencial;Sur;9.0
1432;2433;venta telefónica;Sur;6.0
1433;2434;venta telefónica;Sur;6.0
1434;2435;presencial;Oeste;7.000000000000001
1435;2436;venta directa;Este;13.0
1436;2437;venta directa;Este;13.0
1437;2438;presencial;Sur;9.0
1438;2439;venta telefónica;Sur;6.0
1439;2440;venta directa;Este;13.0
1440;2441;venta telefónica;Este;7.000000000000001
1441;2442;venta directa;Norte;15.0
1442;2443;online;Este;10.0
1443;2444;presencial;Este;8.0
1444;2445;presencial;Norte;10.0
1445;2446;online;Sur;11.0
1446;2447;venta telefónica;Sur;6.0
1447;2448;venta telefónica;Norte;5.0
1448;2449;venta directa;Este;13.0
1449;2450;venta directa;Este;13.0
1450;2451;presencial;Oeste;7.000000000000001
1451;2452;venta directa;Oeste;12.0
1452;2453;presencial;Oeste;7.000000000000001
1453;2454;venta telefónica;Sur;6.0
1454;2455;venta directa;Norte;15.0
1455;2456;presencial;Oeste;7.000000000000001
1456;2457;venta directa;Norte;15.0
1457;2458;presencial;Norte;10.0
1458;2459;venta directa;Sur;14.000000000000002
1459;2460;presencial;Oeste;7.000000000000001
1460;2461;venta telefónica;Sur;6.0
1461;2462;venta telefónica;Sur;6.0
1462;2463;venta telefónica;Este;7.000000000000001
1463;2464;presencial;Este;8.0
1464;2465;presencial;Norte;10.0
1465;2466;venta directa;Oeste;12.0
1466;2467;venta telefónica;Sur;6.0
1467;2468;venta directa;Este;13.0
1468;2469;presencial;Oeste;7.000000000000001
1469;2470;venta telefónica;Sur;6.0
1470;2471;venta directa;Sur;14.000000000000002
1471;2472;online;Oeste;9.0
1472;2473;venta directa;Este;13.0
1473;2474;venta directa;Oeste;12.0
1474;2475;presencial;Oeste;7.000000000000001
1475;2476;venta telefónica;Este;7.000000000000001
1476;2477;venta telefónica;Oeste;8.0
1477;2478;presencial;Norte;10.0
1478;2479;presencial;Oeste;7.000000000000001
1479;2480;venta directa;Norte;15.0
1480;2481;presencial;Norte;10.0
1481;2482;presencial;Este;8.0
1482;2483;venta directa;Oeste;12.0
1483;2484;presencial;Oeste;7.000000000000001
1484;2485;online;Sur;11.0
1485;2486;online;Oeste;9.0
1486;2487;presencial;Norte;10.0
1487;2488;presencial;Norte;10.0
1488;2489;online;Oeste;9.0
1489;2490;presencial;Sur;9.0
1490;2491;online;Sur;11.0
1491;2492;venta directa;Este;13.0
1492;2493;venta telefónica;Sur;6.0
1493;2494;venta directa;Oeste;12.0
1494;2495;presencial;Oeste;7.000000000000001
1495;2496;venta directa;Norte;15.0
1496;2497;presencial;Este;8.0
1497;2498;venta directa;Este;13.0
1498;2499;presencial;Este;8.0
1499;2500;presencial;Este;8.0
1500;2501;venta telefónica;Sur;6.0
1501;2502;venta telefónica;Este;7.000000000000001
1502;2503;online;Oeste;9.0
1503;2504;venta directa;Este;13.0
1504;2505;online;Este;10.0
1505;2506;presencial;Este;8.0
1506;2507;venta directa;Norte;15.0
1507;2508;online;Norte;12.0
1508;2509;presencial;Norte;10.0
1509;2510;venta telefónica;Oeste;8.0
1510;2511;presencial;Norte;10.0
1511;2512;online;Este;10.0
1512;2513;presencial;Oeste;7.000000000000001
1513;2514;venta directa;Este;13.0
1514;2515;presencial;Este;8.0
1515;2516;venta directa;Oeste;12.0
1516;2517;online;Oeste;9.0
1517;2518;venta telefónica;Norte;5.0
1518;2519;venta telefónica;Sur;6.0
1519;2520;venta directa;Norte;15.0
1520;2521;venta telefónica;Este;7.000000000000001
1521;2522;venta telefónica;Norte;5.0
1522;2523;presencial;Sur;9.0
1523;2524;venta directa;Norte;15.0
1524;2525;venta directa;Oeste;12.0
1525;2526;venta telefónica;Norte;5.0
1526;2527;venta telefónica;Norte;5.0
1527;2528;presencial;Oeste;7.000000000000001
1528;2529;presencial;Este;8.0
1529;2530;venta directa;Norte;15.0
1530;2531;venta telefónica;Norte;5.0
1531;2532;venta directa;Sur;14.000000000000002
1532;2533;venta telefónica;Sur;6.0
1533;2534;venta telefónica;Norte;5.0
1534;2535;presencial;Oeste;7.000000000000001
1535;2536;online;Sur;11.0
1536;2537;online;Oeste;9.0
1537;2538;venta telefónica;Oeste;8.0
1538;2539;presencial;Sur;9.0
1539;2540;online;Norte;12.0
1540;2541;venta telefónica;Sur;6.0
1541;2542;venta directa;Sur;14.000000000000002
1542;2543;presencial;Norte;10.0
1543;2544;venta directa;Este;13.0
1544;2545;online;Oeste;9.0
1545;2546;venta telefónica;Oeste;8.0
1546;2547;presencial;Oeste;7.000000000000001
1547;2548;venta directa;Este;13.0
1548;2549;presencial;Oeste;7.000000000000001
1549;2550;presencial;Este;8.0
1550;2551;online;Norte;12.0
1551;2552;venta directa;Sur;14.000000000000002
1552;2553;online;Sur;11.0
1553;2554;venta directa;Este;13.0
1554;2555;online;Este;10.0
1555;2556;venta telefónica;Norte;5.0
1556;2557;online;Este;10.0
1557;2558;online;Oeste;9.0
1558;2559;online;Sur;11.0
1559;2560;venta directa;Norte;15.0
1560;2561;presencial;Norte;10.0
1561;2562;online;Sur;11.0
1562;2563;venta directa;Norte;15.0
1563;2564;presencial;Este;8.0
1564;2565;venta directa;Oeste;12.0
1565;2566;online;Oeste;9.0
1566;2567;venta directa;Este;13.0
1567;2568;online;Norte;12.0
1568;2569;venta telefónica;Este;7.000000000000001
1569;2570;presencial;Oeste;7.000000000000001
1570;2571;venta telefónica;Sur;6.0
1571;2572;online;Oeste;9.0
1572;2573;venta telefónica;Oeste;8.0
1573;2574;presencial;Sur;9.0
1574;2575;venta telefónica;Este;7.000000000000001
1575;2576;online;Este;10.0
1576;2577;venta directa;Norte;15.0
1577;2578;venta telefónica;Sur;6.0
1578;2579;presencial;Sur;9.0
1579;2580;venta directa;Sur;14.000000000000002
1580;2581;venta telefónica;Este;7.000000000000001
1581;2582;venta telefónica;Este;7.000000000000001
1582;2583;online;Oeste;9.0
1583;2584;venta telefónica;Este;7.000000000000001
1584;2585;presencial;Este;8.0
1585;2586;online;Norte;12.0
1586;2587;venta telefónica;Oeste;8.0
1587;2588;online;Norte;12.0
1588;2589;presencial;Sur;9.0
1589;2590;venta directa;Sur;14.000000000000002
1590;2591;venta directa;Este;13.0
1591;2592;presencial;Norte;10.0
1592;2593;presencial;Norte;10.0
1593;2594;venta directa;Sur;14.000000000000002
1594;2595;presencial;Oeste;7.000000000000001
1595;2596;online;Oeste;9.0
1596;2597;venta directa;Sur;14.000000000000002
1597;2598;venta telefónica;Este;7.000000000000001
1598;2599;venta directa;Oeste;12.0
1599;2600;presencial;Oeste;7.000000000000001
1600;2601;online;Sur;11.0
1601;2602;online;Sur;11.0
1602;2603;online;Este;10.0
1603;2604;online;Este;10.0
1604;2605;online;Este;10.0
1605;2606;venta directa;Oeste;12.0
1606;2607;venta telefónica;Norte;5.0
1607;2608;venta telefónica;Norte;5.0
1608;2609;venta telefónica;Sur;6.0
1609;2610;online;Norte;12.0
1610;2611;online;Sur;11.0
1611;2612;venta telefónica;Oeste;8.0
1612;2613;presencial;Norte;10.0
1613;2614;venta directa;Sur;14.000000000000002
1614;2615;online;Este;10.0
1615;2616;online;Oeste;9.0
1616;2617;venta directa;Norte;15.0
1617;2618;venta telefónica;Norte;5.0
1618;2619;online;Sur;11.0
1619;2620;online;Oeste;9.0
1620;2621;presencial;Oeste;7.000000000000001
1621;2622;venta telefónica;Norte;5.0
1622;2623;venta telefónica;Sur;6.0
1623;2624;presencial;Norte;10.0
1624;2625;online;Este;10.0
1625;2626;online;Sur;11.0
1626;2627;online;Oeste;9.0
1627;2628;venta telefónica;Este;7.000000000000001
1628;2629;venta directa;Oeste;12.0
1629;2630;presencial;Norte;10.0
1630;2631;venta directa;Oeste;12.0
1631;2632;online;Este;10.0
1632;2633;venta telefónica;Sur;6.0
1633;2634;venta directa;Norte;15.0
1634;2635;online;Sur;11.0
1635;2636;venta telefónica;Sur;6.0
1636;2637;venta directa;Norte;15.0
1637;2638;presencial;Este;8.0
1638;2639;online;Oeste;9.0
1639;2640;venta directa;Oeste;12.0
1640;2641;online;Oeste;9.0
1641;2642;venta directa;Este;13.0
1642;2643;venta directa;Este;13.0
1643;2644;online;Este;10.0
1644;2645;venta telefónica;Norte;5.0
1645;2646;venta telefónica;Norte;5.0
1646;2647;venta telefónica;Sur;6.0
1647;2648;venta telefónica;Sur;6.0
1648;2649;online;Oeste;9.0
1649;2650;venta directa;Sur;14.000000000000002
1650;2651;venta directa;Este;13.0
1651;2652;venta telefónica;Oeste;8.0
1652;2653;venta directa;Oeste;12.0
1653;2654;online;Sur;11.0
1654;2655;presencial;Norte;10.0
1655;2656;venta directa;Sur;14.000000000000002
1656;2657;venta directa;Norte;15.0
1657;2658;online;Sur;11.0
1658;2659;venta telefónica;Oeste;8.0
1659;2660;venta directa;Este;13.0
1660;2661;presencial;Sur;9.0
1661;2662;online;Norte;12.0
1662;2663;venta telefónica;Sur;6.0
1663;2664;presencial;Oeste;7.000000000000001
1664;2665;presencial;Sur;9.0
1665;2666;venta directa;Oeste;12.0
1666;2667;presencial;Sur;9.0
1667;2668;presencial;Norte;10.0
1668;2669;venta directa;Norte;15.0
1669;2670;presencial;Norte;10.0
1670;2671;venta directa;Norte;15.0
1671;2672;presencial;Este;8.0
1672;2673;venta telefónica;Norte;5.0
1673;2674;presencial;Este;8.0
1674;2675;venta telefónica;Sur;6.0
1675;2676;venta directa;Oeste;12.0
1676;2677;online;Este;10.0
1677;2678;presencial;Sur;9.0
1678;2679;venta telefónica;Sur;6.0
1679;2680;venta telefónica;Norte;5.0
1680;2681;venta telefónica;Norte;5.0
1681;2682;presencial;Norte;10.0
1682;2683;venta directa;Sur;14.000000000000002
1683;2684;venta directa;Norte;15.0
1684;2685;venta directa;Oeste;12.0
1685;2686;venta directa;Oeste;12.0
1686;2687;venta directa;Norte;15.0
1687;2688;venta directa;Este;13.0
1688;2689;presencial;Sur;9.0
1689;2690;venta telefónica;Este;7.000000000000001
1690;2691;online;Norte;12.0
1691;2692;online;Oeste;9.0
1692;2693;venta telefónica;Oeste;8.0
1693;2694;online;Este;10.0
1694;2695;venta directa;Este;13.0
1695;2696;venta directa;Norte;15.0
1696;2697;venta telefónica;Norte;5.0
1697;2698;online;Norte;12.0
1698;2699;online;Norte;12.0
1699;2700;venta directa;Este;13.0
1700;2701;venta directa;Sur;14.000000000000002
1701;2702;venta telefónica;Este;7.000000000000001
1702;2703;online;Norte;12.0
1703;2704;venta directa;Norte;15.0
1704;2705;venta telefónica;Norte;5.0
1705;2706;online;Norte;12.0
1706;2707;online;Sur;11.0
1707;2708;venta directa;Este;13.0
1708;2709;presencial;Sur;9.0
1709;2710;venta directa;Oeste;12.0
1710;2711;online;Este;10.0
1711;2712;venta directa;Este;13.0
1712;2713;venta telefónica;Oeste;8.0
1713;2714;presencial;Norte;10.0
1714;2715;venta telefónica;Norte;5.0
1715;2716;venta telefónica;Este;7.000000000000001
1716;2717;presencial;Sur;9.0
1717;2718;venta directa;Sur;14.000000000000002
1718;2719;presencial;Este;8.0
1719;2720;presencial;Oeste;7.000000000000001
1720;2721;online;Sur;11.0
1721;2722;presencial;Sur;9.0
1722;2723;presencial;Oeste;7.000000000000001
1723;2724;online;Norte;12.0
1724;2725;online;Oeste;9.0
1725;2726;venta directa;Sur;14.000000000000002
1726;2727;venta telefónica;Este;7.000000000000001
1727;2728;venta telefónica;Oeste;8.0
1728;2729;online;Oeste;9.0
1729;2730;presencial;Oeste;7.000000000000001
1730;2731;venta directa;Este;13.0
1731;2732;venta directa;Norte;15.0
1732;2733;venta directa;Norte;15.0
1733;2734;online;Sur;11.0
1734;2735;venta directa;Norte;15.0
1735;2736;presencial;Sur;9.0
1736;2737;presencial;Sur;9.0
1737;2738;venta directa;Sur;14.000000000000002
1738;2739;venta directa;Oeste;12.0
1739;2740;presencial;Este;8.0
1740;2741;presencial;Oeste;7.000000000000001
1741;2742;venta telefónica;Este;7.000000000000001
1742;2743;venta directa;Norte;15.0
1743;2744;venta telefónica;Este;7.000000000000001
1744;2745;venta telefónica;Este;7.000000000000001
1745;2746;presencial;Norte;10.0
1746;2747;venta directa;Este;13.0
1747;2748;presencial;Oeste;7.000000000000001
1748;2749;presencial;Norte;10.0
1749;2750;venta telefónica;Norte;5.0
1750;2751;venta directa;Este;13.0
1751;2752;presencial;Sur;9.0
1752;2753;venta telefónica;Este;7.000000000000001
1753;2754;venta telefónica;Norte;5.0
1754;2755;presencial;Este;8.0
1755;2756;venta directa;Este;13.0
1756;2757;venta telefónica;Oeste;8.0
1757;2758;venta telefónica;Norte;5.0
1758;2759;presencial;Sur;9.0
1759;2760;venta telefónica;Oeste;8.0
1760;2761;presencial;Oeste;7.000000000000001
1761;2762;online;Este;10.0
1762;2763;venta directa;Norte;15.0
1763;2764;online;Oeste;9.0
1764;2765;presencial;Norte;10.0
1765;2766;venta telefónica;Norte;5.0
1766;2767;online;Oeste;9.0
1767;2768;online;Oeste;9.0
1768;2769;venta telefónica;Oeste;8.0
1769;2770;presencial;Sur;9.0
1770;2771;venta telefónica;Sur;6.0
1771;2772;presencial;Sur;9.0
1772;2773;venta directa;Este;13.0
1773;2774;presencial;Sur;9.0
1774;2775;venta directa;Norte;15.0
1775;2776;venta directa;Norte;15.0
1776;2777;venta telefónica;Norte;5.0
1777;2778;venta directa;Sur;14.000000000000002
1778;2779;presencial;Sur;9.0
1779;2780;venta directa;Este;13.0
1780;2781;online;Norte;12.0
1781;2782;online;Norte;12.0
1782;2783;online;Este;10.0
1783;2784;venta directa;Oeste;12.0
1784;2785;online;Norte;12.0
1785;2786;venta directa;Norte;15.0
1786;2787;venta telefónica;Norte;5.0
1787;2788;venta directa;Norte;15.0
1788;2789;presencial;Este;8.0
1789;2790;venta directa;Norte;15.0
1790;2791;venta telefónica;Oeste;8.0
1791;2792;presencial;Sur;9.0
1792;2793;venta telefónica;Oeste;8.0
1793;2794;online;Norte;12.0
1794;2795;online;Oeste;9.0
1795;2796;venta telefónica;Norte;5.0
1796;2797;venta telefónica;Este;7.000000000000001
1797;2798;venta telefónica;Norte;5.0
1798;2799;presencial;Este;8.0
1799;2800;venta telefónica;Oeste;8.0
1800;2801;presencial;Oeste;7.000000000000001
1801;2802;venta directa;Norte;15.0
1802;2803;venta directa;Oeste;12.0
1803;2804;presencial;Este;8.0
1804;2805;presencial;Este;8.0
1805;2806;venta telefónica;Oeste;8.0
1806;2807;venta telefónica;Norte;5.0
1807;2808;presencial;Sur;9.0
1808;2809;online;Norte;12.0
1809;2810;presencial;Sur;9.0
1810;2811;venta telefónica;Este;7.000000000000001
1811;2812;presencial;Sur;9.0
1812;2813;venta telefónica;Norte;5.0
1813;2814;presencial;Norte;10.0
1814;2815;venta directa;Sur;14.000000000000002
1815;2816;venta telefónica;Sur;6.0
1816;2817;venta telefónica;Norte;5.0
1817;2818;online;Este;10.0
1818;2819;venta directa;Sur;14.000000000000002
1819;2820;presencial;Este;8.0
1820;2821;venta telefónica;Este;7.000000000000001
1821;2822;venta telefónica;Oeste;8.0
1822;2823;venta telefónica;Oeste;8.0
1823;2824;venta directa;Este;13.0
1824;2825;presencial;Oeste;7.000000000000001
1825;2826;venta telefónica;Oeste;8.0
1826;2827;online;Este;10.0
1827;2828;venta telefónica;Oeste;8.0
1828;2829;venta directa;Este;13.0
1829;2830;venta directa;Sur;14.000000000000002
1830;2831;venta directa;Norte;15.0
1831;2832;online;Norte;12.0
1832;2833;venta directa;Norte;15.0
1833;2834;online;Sur;11.0
1834;2835;venta directa;Norte;15.0
1835;2836;online;Sur;11.0
1836;2837;online;Este;10.0
1837;2838;presencial;Norte;10.0
1838;2839;presencial;Norte;10.0
1839;2840;venta directa;Oeste;12.0
1840;2841;venta telefónica;Norte;5.0
1841;2842;presencial;Este;8.0
1842;2843;venta telefónica;Sur;6.0
1843;2844;online;Norte;12.0
1844;2845;venta directa;Sur;14.000000000000002
1845;2846;venta directa;Sur;14.000000000000002
1846;2847;venta telefónica;Oeste;8.0
1847;2848;online;Sur;11.0
1848;2849;venta telefónica;Sur;6.0
1849;2850;venta telefónica;Norte;5.0
1850;2851;online;Este;10.0
1851;2852;venta directa;Este;13.0
1852;2853;online;Oeste;9.0
1853;2854;presencial;Norte;10.0
1854;2855;venta telefónica;Este;7.000000000000001
1855;2856;online;Sur;11.0
1856;2857;venta telefónica;Oeste;8.0
1857;2858;venta directa;Sur;14.000000000000002
1858;2859;online;Oeste;9.0
1859;2860;presencial;Norte;10.0
1860;2861;venta directa;Sur;14.000000000000002
1861;2862;presencial;Sur;9.0
1862;2863;online;Norte;12.0
1863;2864;venta directa;Oeste;12.0
1864;2865;presencial;Norte;10.0
1865;2866;online;Este;10.0
1866;2867;venta telefónica;Norte;5.0
1867;2868;venta directa;Oeste;12.0
1868;2869;online;Sur;11.0
1869;2870;online;Sur;11.0
1870;2871;online;Sur;11.0
1871;2872;online;Norte;12.0
1872;2873;presencial;Norte;10.0
1873;2874;online;Este;10.0
1874;2875;venta telefónica;Sur;6.0
1875;2876;online;Sur;11.0
1876;2877;presencial;Sur;9.0
1877;2878;presencial;Sur;9.0
1878;2879;venta directa;Este;13.0
1879;2880;venta directa;Sur;14.000000000000002
1880;2881;venta directa;Norte;15.0
1881;2882;venta telefónica;Norte;5.0
1882;2883;presencial;Este;8.0
1883;2884;venta telefónica;Oeste;8.0
1884;2885;venta telefónica;Oeste;8.0
1885;2886;online;Norte;12.0
1886;2887;venta telefónica;Norte;5.0
1887;2888;venta telefónica;Sur;6.0
1888;2889;venta telefónica;Oeste;8.0
1889;2890;online;Este;10.0
1890;2891;presencial;Oeste;7.000000000000001
1891;2892;venta telefónica;Sur;6.0
1892;2893;venta telefónica;Este;7.000000000000001
1893;2894;presencial;Norte;10.0
1894;2895;venta directa;Este;13.0
1895;2896;online;Norte;12.0
1896;2897;presencial;Oeste;7.000000000000001
1897;2898;venta telefónica;Norte;5.0
1898;2899;venta directa;Sur;14.000000000000002
1899;2900;venta directa;Sur;14.000000000000002
1900;2901;presencial;Este;8.0
1901;2902;venta telefónica;Sur;6.0
1902;2903;venta telefónica;Oeste;8.0
1903;2904;venta directa;Este;13.0
1904;2905;venta directa;Sur;14.000000000000002
1905;2906;presencial;Este;8.0
1906;2907;online;Sur;11.0
1907;2908;presencial;Este;8.0
1908;2909;online;Sur;11.0
1909;2910;presencial;Norte;10.0
1910;2911;venta telefónica;Este;7.000000000000001
1911;2912;online;Norte;12.0
1912;2913;online;Oeste;9.0
1913;2914;venta telefónica;Sur;6.0
1914;2915;presencial;Norte;10.0
1915;2916;venta telefónica;Oeste;8.0
1916;2917;online;Este;10.0
1917;2918;venta directa;Oeste;12.0
1918;2919;venta directa;Oeste;12.0
1919;2920;presencial;Este;8.0
1920;2921;presencial;Norte;10.0
1921;2922;venta directa;Este;13.0
1922;2923;presencial;Este;8.0
1923;2924;venta directa;Norte;15.0
1924;2925;online;Oeste;9.0
1925;2926;venta directa;Norte;15.0
1926;2927;venta telefónica;Sur;6.0
1927;2928;presencial;Este;8.0
1928;2929;venta directa;Norte;15.0
1929;2930;online;Este;10.0
1930;2931;venta telefónica;Norte;5.0
1931;2932;presencial;Sur;9.0
1932;2933;venta telefónica;Sur;6.0
1933;2934;presencial;Este;8.0
1934;2935;online;Este;10.0
1935;2936;venta directa;Sur;14.000000000000002
1936;2937;venta directa;Este;13.0
1937;2938;venta directa;Sur;14.000000000000002
1938;2939;presencial;Norte;10.0
1939;2940;venta telefónica;Sur;6.0
1940;2941;online;Este;10.0
1941;2942;online;Oeste;9.0
1942;2943;venta telefónica;Oeste;8.0
1943;2944;online;Este;10.0
1944;2945;online;Oeste;9.0
1945;2946;venta directa;Este;13.0
1946;2947;venta directa;Norte;15.0
1947;2948;online;Este;10.0
1948;2949;online;Oeste;9.0
1949;2950;presencial;Sur;9.0
1950;2951;online;Este;10.0
1951;2952;presencial;Este;8.0
1952;2953;online;Este;10.0
1953;2954;online;Norte;12.0
1954;2955;venta directa;Este;13.0
1955;2956;venta directa;Este;13.0
1956;2957;venta directa;Este;13.0
1957;2958;online;Este;10.0
1958;2959;presencial;Sur;9.0
1959;2960;venta directa;Este;13.0
1960;2961;online;Oeste;9.0
1961;2962;venta telefónica;Este;7.000000000000001
1962;2963;venta telefónica;Sur;6.0
1963;2964;presencial;Oeste;7.000000000000001
1964;2965;venta telefónica;Oeste;8.0
1965;2966;venta directa;Este;13.0
1966;2967;venta telefónica;Sur;6.0
1967;2968;online;Este;10.0
1968;2969;presencial;Este;8.0
1969;2970;presencial;Sur;9.0
1970;2971;venta directa;Este;13.0
1971;2972;presencial;Este;8.0
1972;2973;presencial;Norte;10.0
1973;2974;online;Sur;11.0
1974;2975;venta telefónica;Este;7.000000000000001
1975;2976;venta telefónica;Oeste;8.0
1976;2977;venta directa;Este;13.0
1977;2978;presencial;Sur;9.0
1978;2979;venta telefónica;Este;7.000000000000001
1979;2980;venta directa;Sur;14.000000000000002
1980;2981;presencial;Oeste;7.000000000000001
1981;2982;venta telefónica;Sur;6.0
1982;2983;online;Sur;11.0
1983;2984;online;Oeste;9.0
1984;2985;online;Oeste;9.0
1985;2986;online;Norte;12.0
1986;2987;venta directa;Oeste;12.0
1987;2988;presencial;Norte;10.0
1988;2989;presencial;Norte;10.0
1989;2990;presencial;Este;8.0
1990;2991;venta directa;Este;13.0
1991;2992;online;Este;10.0
1992;2993;online;Este;10.0
1993;2994;venta directa;Este;13.0
1994;2995;presencial;Norte;10.0
1995;2996;presencial;Este;8.0
1996;2997;venta telefónica;Este;7.000000000000001
1997;2998;presencial;Oeste;7.000000000000001
1998;2999;presencial;Sur;9.0
1999;3000;online;Oeste;9.0
2000;3001;presencial;Oeste;7.000000000000001
2001;3002;venta telefónica;Norte;5.0
2002;3003;venta telefónica;Sur;6.0
2003;3004;venta telefónica;Oeste;8.0
2004;3005;venta telefónica;Oeste;8.0
2005;3006;venta directa;Este;13.0
2006;3007;presencial;Oeste;7.000000000000001
2007;3008;venta directa;Oeste;12.0
2008;3009;presencial;Sur;9.0
2009;3010;online;Oeste;9.0
2010;3011;venta directa;Sur;14.000000000000002
2011;3012;online;Norte;12.0
2012;3013;venta directa;Norte;15.0
2013;3014;online;Norte;12.0
2014;3015;venta telefónica;Norte;5.0
2015;3016;venta directa;Sur;14.000000000000002
2016;3017;presencial;Este;8.0
2017;3018;venta telefónica;Norte;5.0
2018;3019;venta telefónica;Este;7.000000000000001
2019;3020;venta telefónica;Norte;5.0
2020;3021;venta directa;Sur;14.000000000000002
2021;3022;venta telefónica;Norte;5.0
2022;3023;venta directa;Oeste;12.0
2023;3024;venta telefónica;Oeste;8.0
2024;3025;online;Norte;12.0
2025;3026;venta directa;Sur;14.000000000000002
2026;3027;online;Oeste;9.0
2027;3028;venta telefónica;Sur;6.0
2028;3029;presencial;Este;8.0
2029;3030;venta directa;Norte;15.0
2030;3031;venta directa;Este;13.0
2031;3032;online;Oeste;9.0
2032;3033;venta telefónica;Sur;6.0
2033;3034;online;Oeste;9.0
2034;3035;venta telefónica;Oeste;8.0
2035;3036;venta directa;Sur;14.000000000000002
2036;3037;venta telefónica;Este;7.000000000000001
2037;3038;online;Sur;11.0
2038;3039;presencial;Norte;10.0
2039;3040;presencial;Oeste;7.000000000000001
2040;3041;online;Norte;12.0
2041;3042;venta telefónica;Este;7.000000000000001
2042;3043;online;Norte;12.0
2043;3044;venta telefónica;Este;7.000000000000001
2044;3045;venta directa;Norte;15.0
2045;3046;presencial;Norte;10.0
2046;3047;venta telefónica;Norte;5.0
2047;3048;presencial;Norte;10.0
2048;3049;presencial;Sur;9.0
2049;3050;presencial;Este;8.0
2050;3051;venta telefónica;Norte;5.0
2051;3052;venta directa;Sur;14.000000000000002
2052;3053;venta telefónica;Este;7.000000000000001
2053;3054;presencial;Este;8.0
2054;3055;online;Sur;11.0
2055;3056;online;Norte;12.0
2056;3057;online;Norte;12.0
2057;3058;online;Norte;12.0
2058;3059;venta directa;Este;13.0
2059;3060;venta telefónica;Este;7.000000000000001
2060;3061;venta telefónica;Este;7.000000000000001
2061;3062;presencial;Este;8.0
2062;3063;presencial;Oeste;7.000000000000001
2063;3064;venta directa;Sur;14.000000000000002
2064;3065;presencial;Norte;10.0
2065;3066;venta directa;Norte;15.0
2066;3067;venta telefónica;Oeste;8.0
2067;3068;presencial;Sur;9.0
2068;3069;presencial;Oeste;7.000000000000001
2069;3070;venta directa;Este;13.0
2070;3071;online;Oeste;9.0
2071;3072;online;Oeste;9.0
2072;3073;venta directa;Sur;14.000000000000002
2073;3074;presencial;Este;8.0
2074;3075;venta directa;Norte;15.0
2075;3076;online;Norte;12.0
2076;3077;venta directa;Este;13.0
2077;3078;online;Oeste;9.0
2078;3079;presencial;Norte;10.0
2079;3080;venta directa;Norte;15.0
2080;3081;online;Norte;12.0
2081;3082;venta directa;Este;13.0
2082;3083;venta directa;Este;13.0
2083;3084;venta directa;Oeste;12.0
2084;3085;venta telefónica;Oeste;8.0
2085;3086;online;Este;10.0
2086;3087;venta directa;Sur;14.000000000000002
2087;3088;venta directa;Norte;15.0
2088;3089;online;Norte;12.0
2089;3090;venta telefónica;Sur;6.0
2090;3091;venta telefónica;Oeste;8.0
2091;3092;presencial;Norte;10.0
2092;3093;online;Sur;11.0
2093;3094;venta directa;Este;13.0
2094;3095;presencial;Oeste;7.000000000000001
2095;3096;venta telefónica;Norte;5.0
2096;3097;presencial;Oeste;7.000000000000001
2097;3098;presencial;Norte;10.0
2098;3099;online;Sur;11.0
2099;3100;online;Sur;11.0
2100;3101;online;Norte;12.0
2101;3102;online;Este;10.0
2102;3103;venta directa;Este;13.0
2103;3104;venta telefónica;Norte;5.0
2104;3105;venta telefónica;Oeste;8.0
2105;3106;venta directa;Sur;14.000000000000002
2106;3107;venta telefónica;Sur;6.0
2107;3108;presencial;Oeste;7.000000000000001
2108;3109;venta telefónica;Norte;5.0
2109;3110;presencial;Este;8.0
2110;3111;presencial;Sur;9.0
2111;3112;venta telefónica;Oeste;8.0
2112;3113;venta telefónica;Norte;5.0
2113;3114;venta telefónica;Norte;5.0
2114;3115;venta directa;Oeste;12.0
2115;3116;venta directa;Norte;15.0
2116;3117;online;Este;10.0
2117;3118;presencial;Oeste;7.000000000000001
2118;3119;venta directa;Este;13.0
2119;3120;presencial;Norte;10.0
2120;3121;venta telefónica;Oeste;8.0
2121;3122;venta directa;Este;13.0
2122;3123;online;Sur;11.0
2123;3124;presencial;Este;8.0
2124;3125;venta telefónica;Este;7.000000000000001
2125;3126;venta telefónica;Sur;6.0
2126;3127;venta directa;Sur;14.000000000000002
2127;3128;venta directa;Oeste;12.0
2128;3129;venta directa;Sur;14.000000000000002
2129;3130;venta telefónica;Norte;5.0
2130;3131;online;Este;10.0
2131;3132;online;Este;10.0
2132;3133;presencial;Este;8.0
2133;3134;venta directa;Sur;14.000000000000002
2134;3135;presencial;Este;8.0
2135;3136;venta telefónica;Norte;5.0
2136;3137;venta directa;Norte;15.0
2137;3138;venta telefónica;Oeste;8.0
2138;3139;venta telefónica;Este;7.000000000000001
2139;3140;venta telefónica;Oeste;8.0
2140;3141;online;Oeste;9.0
2141;3142;venta directa;Este;13.0
2142;3143;venta directa;Norte;15.0
2143;3144;online;Sur;11.0
2144;3145;online;Oeste;9.0
2145;3146;online;Sur;11.0
2146;3147;venta directa;Sur;14.000000000000002
2147;3148;venta directa;Sur;14.000000000000002
2148;3149;presencial;Norte;10.0
2149;3150;presencial;Oeste;7.000000000000001
2150;3151;presencial;Sur;9.0
2151;3152;presencial;Este;8.0
2152;3153;online;Norte;12.0
2153;3154;online;Oeste;9.0
2154;3155;presencial;Oeste;7.000000000000001
2155;3156;venta telefónica;Norte;5.0
2156;3157;venta telefónica;Norte;5.0
2157;3158;venta directa;Oeste;12.0
2158;3159;online;Norte;12.0
2159;3160;online;Norte;12.0
2160;3161;venta directa;Oeste;12.0
2161;3162;online;Oeste;9.0
2162;3163;online;Oeste;9.0
2163;3164;online;Sur;11.0
2164;3165;venta telefónica;Oeste;8.0
2165;3166;online;Sur;11.0
2166;3167;presencial;Este;8.0
2167;3168;presencial;Oeste;7.000000000000001
2168;3169;online;Norte;12.0
2169;3170;presencial;Oeste;7.000000000000001
2170;3171;venta telefónica;Este;7.000000000000001
2171;3172;online;Norte;12.0
2172;3173;online;Norte;12.0
2173;3174;online;Este;10.0
2174;3175;presencial;Sur;9.0
2175;3176;online;Sur;11.0
2176;3177;venta telefónica;Sur;6.0
2177;3178;presencial;Norte;10.0
2178;3179;venta telefónica;Este;7.000000000000001
2179;3180;online;Oeste;9.0
2180;3181;presencial;Norte;10.0
2181;3182;online;Este;10.0
2182;3183;presencial;Este;8.0
2183;3184;venta telefónica;Este;7.000000000000001
2184;3185;online;Oeste;9.0
2185;3186;venta telefónica;Este;7.000000000000001
2186;3187;venta telefónica;Norte;5.0
2187;3188;venta telefónica;Norte;5.0
2188;3189;venta directa;Sur;14.000000000000002
2189;3190;venta directa;Norte;15.0
2190;3191;venta directa;Sur;14.000000000000002
2191;3192;venta directa;Sur;14.000000000000002
2192;3193;presencial;Sur;9.0
2193;3194;presencial;Norte;10.0
2194;3195;presencial;Oeste;7.000000000000001
2195;3196;venta telefónica;Este;7.000000000000001
2196;3197;online;Norte;12.0
2197;3198;online;Sur;11.0
2198;3199;presencial;Norte;10.0
2199;3200;online;Este;10.0
2200;3201;venta directa;Sur;14.000000000000002
2201;3202;venta telefónica;Norte;5.0
2202;3203;venta directa;Norte;15.0
2203;3204;presencial;Norte;10.0
2204;3205;venta telefónica;Norte;5.0
2205;3206;venta telefónica;Este;7.000000000000001
2206;3207;online;Norte;12.0
2207;3208;online;Este;10.0
2208;3209;presencial;Este;8.0
2209;3210;online;Oeste;9.0
2210;3211;online;Este;10.0
2211;3212;online;Sur;11.0
2212;3213;online;Oeste;9.0
2213;3214;presencial;Este;8.0
2214;3215;online;Este;10.0
2215;3216;venta telefónica;Oeste;8.0
2216;3217;presencial;Este;8.0
2217;3218;presencial;Este;8.0
2218;3219;venta directa;Sur;14.000000000000002
2219;3220;venta directa;Oeste;12.0
2220;3221;venta directa;Este;13.0
2221;3222;presencial;Este;8.0
2222;3223;online;Sur;11.0
2223;3224;presencial;Este;8.0
2224;3225;online;Norte;12.0
2225;3226;presencial;Este;8.0
2226;3227;presencial;Oeste;7.000000000000001
2227;3228;presencial;Oeste;7.000000000000001
2228;3229;online;Este;10.0
2229;3230;venta directa;Sur;14.000000000000002
2230;3231;online;Sur;11.0
2231;3232;venta directa;Oeste;12.0
2232;3233;venta telefónica;Oeste;8.0
2233;3234;venta directa;Sur;14.000000000000002
2234;3235;presencial;Oeste;7.000000000000001
2235;3236;venta directa;Sur;14.000000000000002
2236;3237;venta telefónica;Norte;5.0
2237;3238;venta directa;Sur;14.000000000000002
2238;3239;venta directa;Norte;15.0
2239;3240;online;Sur;11.0
2240;3241;online;Este;10.0
2241;3242;venta directa;Norte;15.0
2242;3243;venta directa;Norte;15.0
2243;3244;presencial;Sur;9.0
2244;3245;online;Este;10.0
2245;3246;venta telefónica;Sur;6.0
2246;3247;venta telefónica;Sur;6.0
2247;3248;presencial;Sur;9.0
2248;3249;online;Norte;12.0
2249;3250;venta telefónica;Sur;6.0
2250;3251;presencial;Oeste;7.000000000000001
2251;3252;presencial;Oeste;7.000000000000001
2252;3253;online;Sur;11.0
2253;3254;presencial;Oeste;7.000000000000001
2254;3255;venta directa;Norte;15.0
2255;3256;online;Norte;12.0
2256;3257;presencial;Sur;9.0
2257;3258;online;Este;10.0
2258;3259;presencial;Sur;9.0
2259;3260;presencial;Oeste;7.000000000000001
2260;3261;online;Oeste;9.0
2261;3262;online;Este;10.0
2262;3263;venta telefónica;Sur;6.0
2263;3264;presencial;Oeste;7.000000000000001
2264;3265;presencial;Norte;10.0
2265;3266;presencial;Norte;10.0
2266;3267;venta telefónica;Este;7.000000000000001
2267;3268;venta telefónica;Norte;5.0
2268;3269;venta directa;Este;13.0
2269;3270;online;Norte;12.0
2270;3271;venta directa;Sur;14.000000000000002
2271;3272;presencial;Sur;9.0
2272;3273;online;Este;10.0
2273;3274;venta directa;Oeste;12.0
2274;3275;venta telefónica;Oeste;8.0
2275;3276;online;Norte;12.0
2276;3277;venta telefónica;Norte;5.0
2277;3278;venta telefónica;Oeste;8.0
2278;3279;venta directa;Este;13.0
2279;3280;presencial;Este;8.0
2280;3281;venta telefónica;Este;7.000000000000001
2281;3282;venta telefónica;Este;7.000000000000001
2282;3283;venta directa;Norte;15.0
2283;3284;venta telefónica;Oeste;8.0
2284;3285;presencial;Este;8.0
2285;3286;venta directa;Este;13.0
2286;3287;venta telefónica;Este;7.000000000000001
2287;3288;venta directa;Oeste;12.0
2288;3289;venta directa;Oeste;12.0
2289;3290;venta telefónica;Sur;6.0
2290;3291;venta telefónica;Norte;5.0
2291;3292;venta directa;Norte;15.0
2292;3293;venta telefónica;Sur;6.0
2293;3294;venta directa;Sur;14.000000000000002
2294;3295;online;Oeste;9.0
2295;3296;venta telefónica;Este;7.000000000000001
2296;3297;venta directa;Oeste;12.0
2297;3298;online;Oeste;9.0
2298;3299;presencial;Este;8.0
2299;3300;venta telefónica;Oeste;8.0
2300;3301;online;Norte;12.0
2301;3302;presencial;Oeste;7.000000000000001
2302;3303;venta directa;Sur;14.000000000000002
2303;3304;presencial;Norte;10.0
2304;3305;venta directa;Oeste;12.0
2305;3306;venta directa;Norte;15.0
2306;3307;presencial;Este;8.0
2307;3308;venta directa;Sur;14.000000000000002
2308;3309;venta telefónica;Sur;6.0
2309;3310;venta telefónica;Norte;5.0
2310;3311;presencial;Sur;9.0
2311;3312;venta telefónica;Sur;6.0
2312;3313;presencial;Sur;9.0
2313;3314;presencial;Oeste;7.000000000000001
2314;3315;venta directa;Este;13.0
2315;3316;venta directa;Oeste;12.0
2316;3317;venta telefónica;Este;7.000000000000001
2317;3318;presencial;Este;8.0
2318;3319;online;Oeste;9.0
2319;3320;presencial;Norte;10.0
2320;3321;venta telefónica;Este;7.000000000000001
2321;3322;venta telefónica;Este;7.000000000000001
2322;3323;venta directa;Norte;15.0
2323;3324;online;Sur;11.0
2324;3325;venta directa;Este;13.0
2325;3326;venta directa;Norte;15.0
2326;3327;venta telefónica;Sur;6.0
2327;3328;presencial;Norte;10.0
2328;3329;presencial;Norte;10.0
2329;3330;venta telefónica;Sur;6.0
2330;3331;presencial;Sur;9.0
2331;3332;online;Oeste;9.0
2332;3333;online;Oeste;9.0
2333;3334;presencial;Norte;10.0
2334;3335;presencial;Este;8.0
2335;3336;venta directa;Sur;14.000000000000002
2336;3337;venta telefónica;Norte;5.0
2337;3338;venta telefónica;Norte;5.0
2338;3339;presencial;Sur;9.0
2339;3340;online;Norte;12.0
2340;3341;presencial;Norte;10.0
2341;3342;venta telefónica;Norte;5.0
2342;3343;venta directa;Norte;15.0
2343;3344;presencial;Norte;10.0
2344;3345;presencial;Sur;9.0
2345;3346;venta directa;Sur;14.000000000000002
2346;3347;presencial;Norte;10.0
2347;3348;venta telefónica;Este;7.000000000000001
2348;3349;presencial;Norte;10.0
2349;3350;online;Norte;12.0
2350;3351;presencial;Norte;10.0
2351;3352;venta telefónica;Norte;5.0
2352;3353;presencial;Sur;9.0
2353;3354;venta telefónica;Este;7.000000000000001
2354;3355;venta directa;Oeste;12.0
2355;3356;presencial;Norte;10.0
2356;3357;venta directa;Oeste;12.0
2357;3358;venta telefónica;Este;7.000000000000001
2358;3359;venta telefónica;Sur;6.0
2359;3360;presencial;Este;8.0
2360;3361;presencial;Este;8.0
2361;3362;venta telefónica;Este;7.000000000000001
2362;3363;venta telefónica;Este;7.000000000000001
2363;3364;online;Sur;11.0
2364;3365;online;Este;10.0
2365;3366;presencial;Sur;9.0
2366;3367;venta telefónica;Este;7.000000000000001
2367;3368;venta telefónica;Sur;6.0
2368;3369;venta telefónica;Este;7.000000000000001
2369;3370;venta directa;Norte;15.0
2370;3371;presencial;Oeste;7.000000000000001
2371;3372;presencial;Sur;9.0
2372;3373;online;Oeste;9.0
2373;3374;venta directa;Oeste;12.0
2374;3375;online;Este;10.0
2375;3376;online;Este;10.0
2376;3377;online;Oeste;9.0
2377;3378;presencial;Norte;10.0
2378;3379;venta directa;Sur;14.000000000000002
2379;3380;venta directa;Norte;15.0
2380;3381;presencial;Oeste;7.000000000000001
2381;3382;online;Sur;11.0
2382;3383;venta directa;Sur;14.000000000000002
2383;3384;presencial;Este;8.0
2384;3385;presencial;Norte;10.0
2385;3386;presencial;Oeste;7.000000000000001
2386;3387;venta directa;Sur;14.000000000000002
2387;3388;online;Sur;11.0
2388;3389;venta telefónica;Oeste;8.0
2389;3390;venta directa;Sur;14.000000000000002
2390;3391;venta directa;Este;13.0
2391;3392;venta telefónica;Este;7.000000000000001
2392;3393;online;Norte;12.0
2393;3394;online;Sur;11.0
2394;3395;presencial;Oeste;7.000000000000001
2395;3396;venta directa;Norte;15.0
2396;3397;venta directa;Sur;14.000000000000002
2397;3398;venta directa;Norte;15.0
2398;3399;presencial;Este;8.0
2399;3400;venta directa;Este;13.0
2400;3401;venta directa;Oeste;12.0
2401;3402;online;Sur;11.0
2402;3403;presencial;Sur;9.0
2403;3404;presencial;Norte;10.0
2404;3405;venta telefónica;Oeste;8.0
2405;3406;venta telefónica;Oeste;8.0
2406;3407;venta directa;Norte;15.0
2407;3408;venta directa;Este;13.0
2408;3409;presencial;Este;8.0
2409;3410;venta telefónica;Oeste;8.0
2410;3411;presencial;Sur;9.0
2411;3412;presencial;Este;8.0
2412;3413;venta directa;Norte;15.0
2413;3414;presencial;Oeste;7.000000000000001
2414;3415;venta telefónica;Sur;6.0
2415;3416;presencial;Este;8.0
2416;3417;venta telefónica;Sur;6.0
2417;3418;venta telefónica;Norte;5.0
2418;3419;presencial;Oeste;7.000000000000001
2419;3420;venta telefónica;Este;7.000000000000001
2420;3421;venta telefónica;Sur;6.0
2421;3422;venta directa;Oeste;12.0
2422;3423;venta telefónica;Oeste;8.0
2423;3424;presencial;Este;8.0
2424;3425;online;Oeste;9.0
2425;3426;venta telefónica;Oeste;8.0
2426;3427;presencial;Norte;10.0
2427;3428;online;Norte;12.0
2428;3429;venta directa;Este;13.0
2429;3430;online;Sur;11.0
2430;3431;presencial;Este;8.0
2431;3432;venta telefónica;Sur;6.0
2432;3433;presencial;Sur;9.0
2433;3434;online;Este;10.0
2434;3435;online;Norte;12.0
2435;3436;online;Sur;11.0
2436;3437;venta telefónica;Norte;5.0
2437;3438;online;Sur;11.0
2438;3439;venta telefónica;Norte;5.0
2439;3440;venta telefónica;Oeste;8.0
2440;3441;online;Sur;11.0
2441;3442;online;Sur;11.0
2442;3443;presencial;Este;8.0
2443;3444;venta directa;Oeste;12.0
2444;3445;online;Norte;12.0
2445;3446;online;Norte;12.0
2446;3447;venta directa;Este;13.0
2447;3448;venta directa;Oeste;12.0
2448;3449;venta telefónica;Sur;6.0
2449;3450;venta directa;Oeste;12.0
2450;3451;venta directa;Este;13.0
2451;3452;presencial;Oeste;7.000000000000001
2452;3453;presencial;Sur;9.0
2453;3454;venta telefónica;Este;7.000000000000001
2454;3455;presencial;Oeste;7.000000000000001
2455;3456;online;Este;10.0
2456;3457;venta directa;Norte;15.0
2457;3458;venta telefónica;Oeste;8.0
2458;3459;venta directa;Este;13.0
2459;3460;presencial;Oeste;7.000000000000001
2460;3461;online;Este;10.0
2461;3462;venta directa;Oeste;12.0
2462;3463;venta directa;Norte;15.0
2463;3464;venta directa;Oeste;12.0
2464;3465;presencial;Oeste;7.000000000000001
2465;3466;venta directa;Este;13.0
2466;3467;venta directa;Sur;14.000000000000002
2467;3468;presencial;Este;8.0
2468;3469;venta telefónica;Sur;6.0
2469;3470;venta directa;Este;13.0
2470;3471;presencial;Este;8.0
2471;3472;presencial;Norte;10.0
2472;3473;online;Oeste;9.0
2473;3474;online;Norte;12.0
2474;3475;venta directa;Sur;14.000000000000002
2475;3476;venta directa;Oeste;12.0
2476;3477;presencial;Norte;10.0
2477;3478;venta directa;Oeste;12.0
2478;3479;venta telefónica;Sur;6.0
2479;3480;venta directa;Este;13.0
2480;3481;venta directa;Sur;14.000000000000002
2481;3482;presencial;Norte;10.0
2482;3483;presencial;Este;8.0
2483;3484;presencial;Este;8.0
2484;3485;online;Norte;12.0
2485;3486;presencial;Este;8.0
2486;3487;venta telefónica;Oeste;8.0
2487;3488;venta directa;Este;13.0
2488;3489;venta telefónica;Sur;6.0
2489;3490;venta telefónica;Norte;5.0
2490;3491;venta telefónica;Norte;5.0
2491;3492;online;Norte;12.0
2492;3493;venta telefónica;Norte;5.0
2493;3494;presencial;Este;8.0
2494;3495;venta telefónica;Oeste;8.0
2495;3496;online;Norte;12.0
2496;3497;online;Norte;12.0
2497;3498;venta telefónica;Norte;5.0
2498;3499;presencial;Sur;9.0
2499;3500;online;Sur;11.0
